utilization.gpu [%], utilization.memory [%], memory.total [MiB], memory.free [MiB], memory.used [MiB]
22 %, 3 %, 16160 MiB, 16160 MiB, 0 MiB
0 %, 0 %, 16160 MiB, 16160 MiB, 0 MiB
0 %, 0 %, 16160 MiB, 16160 MiB, 0 MiB
9 %, 1 %, 16160 MiB, 16160 MiB, 0 MiB
0 %, 0 %, 16160 MiB, 16160 MiB, 0 MiB
0 %, 0 %, 16160 MiB, 16160 MiB, 0 MiB
0 %, 0 %, 16160 MiB, 16160 MiB, 0 MiB
0 %, 0 %, 16160 MiB, 16160 MiB, 0 MiB
0 %, 0 %, 16160 MiB, 16145 MiB, 15 MiB
0 %, 0 %, 16160 MiB, 16157 MiB, 3 MiB
0 %, 0 %, 16160 MiB, 16157 MiB, 3 MiB
0 %, 0 %, 16160 MiB, 16157 MiB, 3 MiB
6 %, 0 %, 16160 MiB, 15754 MiB, 406 MiB
0 %, 0 %, 16160 MiB, 15852 MiB, 308 MiB
0 %, 0 %, 16160 MiB, 15852 MiB, 308 MiB
2 %, 0 %, 16160 MiB, 15852 MiB, 308 MiB
0 %, 0 %, 16160 MiB, 15666 MiB, 494 MiB
3 %, 0 %, 16160 MiB, 15666 MiB, 494 MiB
1 %, 0 %, 16160 MiB, 15760 MiB, 400 MiB
0 %, 0 %, 16160 MiB, 15852 MiB, 308 MiB
0 %, 0 %, 16160 MiB, 15666 MiB, 494 MiB
0 %, 0 %, 16160 MiB, 15666 MiB, 494 MiB
0 %, 0 %, 16160 MiB, 15666 MiB, 494 MiB
1 %, 0 %, 16160 MiB, 15666 MiB, 494 MiB
0 %, 0 %, 16160 MiB, 938 MiB, 15222 MiB
0 %, 0 %, 16160 MiB, 15666 MiB, 494 MiB
0 %, 0 %, 16160 MiB, 15666 MiB, 494 MiB
0 %, 0 %, 16160 MiB, 15666 MiB, 494 MiB
0 %, 0 %, 16160 MiB, 938 MiB, 15222 MiB
0 %, 0 %, 16160 MiB, 15666 MiB, 494 MiB
0 %, 0 %, 16160 MiB, 15666 MiB, 494 MiB
0 %, 0 %, 16160 MiB, 15666 MiB, 494 MiB
6 %, 1 %, 16160 MiB, 818 MiB, 15342 MiB
0 %, 0 %, 16160 MiB, 15666 MiB, 494 MiB
0 %, 0 %, 16160 MiB, 15666 MiB, 494 MiB
0 %, 0 %, 16160 MiB, 15666 MiB, 494 MiB
31 %, 3 %, 16160 MiB, 818 MiB, 15342 MiB
0 %, 0 %, 16160 MiB, 15666 MiB, 494 MiB
0 %, 0 %, 16160 MiB, 15666 MiB, 494 MiB
0 %, 0 %, 16160 MiB, 15666 MiB, 494 MiB
2 %, 0 %, 16160 MiB, 928 MiB, 15232 MiB
0 %, 0 %, 16160 MiB, 15666 MiB, 494 MiB
0 %, 0 %, 16160 MiB, 15666 MiB, 494 MiB
0 %, 0 %, 16160 MiB, 15666 MiB, 494 MiB
49 %, 7 %, 16160 MiB, 16160 MiB, 0 MiB
0 %, 0 %, 16160 MiB, 16160 MiB, 0 MiB
0 %, 0 %, 16160 MiB, 16160 MiB, 0 MiB
0 %, 0 %, 16160 MiB, 16160 MiB, 0 MiB
0 %, 0 %, 16160 MiB, 16160 MiB, 0 MiB
0 %, 0 %, 16160 MiB, 16160 MiB, 0 MiB
0 %, 0 %, 16160 MiB, 16160 MiB, 0 MiB
0 %, 0 %, 16160 MiB, 16160 MiB, 0 MiB
0 %, 0 %, 16160 MiB, 16160 MiB, 0 MiB
0 %, 0 %, 16160 MiB, 16160 MiB, 0 MiB
0 %, 0 %, 16160 MiB, 16160 MiB, 0 MiB
0 %, 0 %, 16160 MiB, 16160 MiB, 0 MiB
0 %, 0 %, 16160 MiB, 16160 MiB, 0 MiB
0 %, 0 %, 16160 MiB, 16160 MiB, 0 MiB
0 %, 0 %, 16160 MiB, 16160 MiB, 0 MiB
0 %, 0 %, 16160 MiB, 16160 MiB, 0 MiB
0 %, 0 %, 16160 MiB, 16160 MiB, 0 MiB
0 %, 0 %, 16160 MiB, 16160 MiB, 0 MiB
0 %, 0 %, 16160 MiB, 16160 MiB, 0 MiB
0 %, 0 %, 16160 MiB, 16160 MiB, 0 MiB
0 %, 0 %, 16160 MiB, 16160 MiB, 0 MiB
0 %, 0 %, 16160 MiB, 16160 MiB, 0 MiB
0 %, 0 %, 16160 MiB, 16160 MiB, 0 MiB
0 %, 0 %, 16160 MiB, 16160 MiB, 0 MiB
0 %, 0 %, 16160 MiB, 16160 MiB, 0 MiB
0 %, 0 %, 16160 MiB, 16160 MiB, 0 MiB
0 %, 0 %, 16160 MiB, 16160 MiB, 0 MiB
0 %, 0 %, 16160 MiB, 16160 MiB, 0 MiB
0 %, 0 %, 16160 MiB, 16160 MiB, 0 MiB
0 %, 0 %, 16160 MiB, 16160 MiB, 0 MiB
0 %, 0 %, 16160 MiB, 16160 MiB, 0 MiB
0 %, 0 %, 16160 MiB, 16160 MiB, 0 MiB
0 %, 0 %, 16160 MiB, 16160 MiB, 0 MiB
0 %, 0 %, 16160 MiB, 16160 MiB, 0 MiB
0 %, 0 %, 16160 MiB, 16160 MiB, 0 MiB
0 %, 0 %, 16160 MiB, 16160 MiB, 0 MiB
0 %, 0 %, 16160 MiB, 16160 MiB, 0 MiB
0 %, 0 %, 16160 MiB, 16160 MiB, 0 MiB
0 %, 0 %, 16160 MiB, 16160 MiB, 0 MiB
0 %, 0 %, 16160 MiB, 16160 MiB, 0 MiB
0 %, 0 %, 16160 MiB, 16160 MiB, 0 MiB
0 %, 0 %, 16160 MiB, 16160 MiB, 0 MiB
0 %, 0 %, 16160 MiB, 16160 MiB, 0 MiB
0 %, 0 %, 16160 MiB, 16160 MiB, 0 MiB
0 %, 0 %, 16160 MiB, 16160 MiB, 0 MiB
0 %, 0 %, 16160 MiB, 16160 MiB, 0 MiB
0 %, 0 %, 16160 MiB, 16160 MiB, 0 MiB
0 %, 0 %, 16160 MiB, 16160 MiB, 0 MiB
0 %, 0 %, 16160 MiB, 16160 MiB, 0 MiB
0 %, 0 %, 16160 MiB, 16160 MiB, 0 MiB
0 %, 0 %, 16160 MiB, 16160 MiB, 0 MiB
0 %, 0 %, 16160 MiB, 16160 MiB, 0 MiB
0 %, 0 %, 16160 MiB, 16160 MiB, 0 MiB
0 %, 0 %, 16160 MiB, 16160 MiB, 0 MiB
0 %, 0 %, 16160 MiB, 16160 MiB, 0 MiB
0 %, 0 %, 16160 MiB, 16160 MiB, 0 MiB
0 %, 0 %, 16160 MiB, 16160 MiB, 0 MiB
0 %, 0 %, 16160 MiB, 16160 MiB, 0 MiB
0 %, 0 %, 16160 MiB, 16160 MiB, 0 MiB
0 %, 0 %, 16160 MiB, 16160 MiB, 0 MiB
0 %, 0 %, 16160 MiB, 16160 MiB, 0 MiB
0 %, 0 %, 16160 MiB, 16160 MiB, 0 MiB
0 %, 0 %, 16160 MiB, 16160 MiB, 0 MiB
0 %, 0 %, 16160 MiB, 16160 MiB, 0 MiB
0 %, 0 %, 16160 MiB, 16160 MiB, 0 MiB
0 %, 0 %, 16160 MiB, 16160 MiB, 0 MiB
0 %, 0 %, 16160 MiB, 16160 MiB, 0 MiB
0 %, 0 %, 16160 MiB, 16160 MiB, 0 MiB
0 %, 0 %, 16160 MiB, 16160 MiB, 0 MiB
0 %, 0 %, 16160 MiB, 16160 MiB, 0 MiB
0 %, 0 %, 16160 MiB, 16160 MiB, 0 MiB
0 %, 0 %, 16160 MiB, 16160 MiB, 0 MiB
0 %, 0 %, 16160 MiB, 16160 MiB, 0 MiB
0 %, 0 %, 16160 MiB, 16160 MiB, 0 MiB
0 %, 0 %, 16160 MiB, 16160 MiB, 0 MiB
0 %, 0 %, 16160 MiB, 16160 MiB, 0 MiB
0 %, 0 %, 16160 MiB, 16160 MiB, 0 MiB
0 %, 0 %, 16160 MiB, 16160 MiB, 0 MiB
0 %, 0 %, 16160 MiB, 16160 MiB, 0 MiB
0 %, 0 %, 16160 MiB, 16160 MiB, 0 MiB
0 %, 0 %, 16160 MiB, 16160 MiB, 0 MiB
0 %, 0 %, 16160 MiB, 16160 MiB, 0 MiB
0 %, 0 %, 16160 MiB, 16160 MiB, 0 MiB
0 %, 0 %, 16160 MiB, 16160 MiB, 0 MiB
0 %, 0 %, 16160 MiB, 16160 MiB, 0 MiB
0 %, 0 %, 16160 MiB, 16160 MiB, 0 MiB
0 %, 0 %, 16160 MiB, 16160 MiB, 0 MiB
0 %, 0 %, 16160 MiB, 16160 MiB, 0 MiB
0 %, 0 %, 16160 MiB, 16160 MiB, 0 MiB
0 %, 0 %, 16160 MiB, 16160 MiB, 0 MiB
0 %, 0 %, 16160 MiB, 16160 MiB, 0 MiB
0 %, 0 %, 16160 MiB, 16160 MiB, 0 MiB
0 %, 0 %, 16160 MiB, 16160 MiB, 0 MiB
0 %, 0 %, 16160 MiB, 16160 MiB, 0 MiB
0 %, 0 %, 16160 MiB, 16160 MiB, 0 MiB
0 %, 0 %, 16160 MiB, 16160 MiB, 0 MiB
0 %, 0 %, 16160 MiB, 16160 MiB, 0 MiB
0 %, 0 %, 16160 MiB, 16160 MiB, 0 MiB
0 %, 0 %, 16160 MiB, 16160 MiB, 0 MiB
0 %, 0 %, 16160 MiB, 16160 MiB, 0 MiB
0 %, 0 %, 16160 MiB, 16160 MiB, 0 MiB
0 %, 0 %, 16160 MiB, 16160 MiB, 0 MiB
0 %, 0 %, 16160 MiB, 16160 MiB, 0 MiB
0 %, 0 %, 16160 MiB, 16160 MiB, 0 MiB
0 %, 0 %, 16160 MiB, 16160 MiB, 0 MiB
0 %, 0 %, 16160 MiB, 16160 MiB, 0 MiB
0 %, 0 %, 16160 MiB, 16160 MiB, 0 MiB
0 %, 0 %, 16160 MiB, 16160 MiB, 0 MiB
0 %, 0 %, 16160 MiB, 16160 MiB, 0 MiB
0 %, 0 %, 16160 MiB, 16160 MiB, 0 MiB
0 %, 0 %, 16160 MiB, 16160 MiB, 0 MiB
0 %, 0 %, 16160 MiB, 16160 MiB, 0 MiB
0 %, 0 %, 16160 MiB, 16160 MiB, 0 MiB
0 %, 0 %, 16160 MiB, 16160 MiB, 0 MiB
0 %, 0 %, 16160 MiB, 16160 MiB, 0 MiB
0 %, 0 %, 16160 MiB, 16160 MiB, 0 MiB
0 %, 0 %, 16160 MiB, 16160 MiB, 0 MiB
0 %, 0 %, 16160 MiB, 16160 MiB, 0 MiB
0 %, 0 %, 16160 MiB, 16160 MiB, 0 MiB
0 %, 0 %, 16160 MiB, 16160 MiB, 0 MiB
0 %, 0 %, 16160 MiB, 16160 MiB, 0 MiB
0 %, 0 %, 16160 MiB, 16160 MiB, 0 MiB
0 %, 0 %, 16160 MiB, 16160 MiB, 0 MiB
0 %, 0 %, 16160 MiB, 16160 MiB, 0 MiB
0 %, 0 %, 16160 MiB, 16160 MiB, 0 MiB
0 %, 0 %, 16160 MiB, 16160 MiB, 0 MiB
0 %, 0 %, 16160 MiB, 16160 MiB, 0 MiB
0 %, 0 %, 16160 MiB, 16160 MiB, 0 MiB
0 %, 0 %, 16160 MiB, 16160 MiB, 0 MiB
0 %, 0 %, 16160 MiB, 16160 MiB, 0 MiB
0 %, 0 %, 16160 MiB, 16160 MiB, 0 MiB
0 %, 0 %, 16160 MiB, 16160 MiB, 0 MiB
0 %, 0 %, 16160 MiB, 16160 MiB, 0 MiB
0 %, 0 %, 16160 MiB, 16160 MiB, 0 MiB
0 %, 0 %, 16160 MiB, 16160 MiB, 0 MiB
0 %, 0 %, 16160 MiB, 16160 MiB, 0 MiB
0 %, 0 %, 16160 MiB, 16160 MiB, 0 MiB
0 %, 0 %, 16160 MiB, 16160 MiB, 0 MiB
0 %, 0 %, 16160 MiB, 16160 MiB, 0 MiB
0 %, 0 %, 16160 MiB, 16160 MiB, 0 MiB
0 %, 0 %, 16160 MiB, 16160 MiB, 0 MiB
0 %, 0 %, 16160 MiB, 16160 MiB, 0 MiB
0 %, 0 %, 16160 MiB, 16160 MiB, 0 MiB
0 %, 0 %, 16160 MiB, 16160 MiB, 0 MiB
0 %, 0 %, 16160 MiB, 16160 MiB, 0 MiB
0 %, 0 %, 16160 MiB, 16160 MiB, 0 MiB
0 %, 0 %, 16160 MiB, 16160 MiB, 0 MiB
0 %, 0 %, 16160 MiB, 16160 MiB, 0 MiB
0 %, 0 %, 16160 MiB, 16160 MiB, 0 MiB
0 %, 0 %, 16160 MiB, 16160 MiB, 0 MiB
0 %, 0 %, 16160 MiB, 16160 MiB, 0 MiB
0 %, 0 %, 16160 MiB, 16160 MiB, 0 MiB
0 %, 0 %, 16160 MiB, 16160 MiB, 0 MiB
0 %, 0 %, 16160 MiB, 16160 MiB, 0 MiB
0 %, 0 %, 16160 MiB, 16160 MiB, 0 MiB
0 %, 0 %, 16160 MiB, 16160 MiB, 0 MiB
0 %, 0 %, 16160 MiB, 16160 MiB, 0 MiB
0 %, 0 %, 16160 MiB, 16160 MiB, 0 MiB
0 %, 0 %, 16160 MiB, 16160 MiB, 0 MiB
0 %, 0 %, 16160 MiB, 16160 MiB, 0 MiB
0 %, 0 %, 16160 MiB, 16160 MiB, 0 MiB
0 %, 0 %, 16160 MiB, 16160 MiB, 0 MiB
0 %, 0 %, 16160 MiB, 16160 MiB, 0 MiB
0 %, 0 %, 16160 MiB, 16160 MiB, 0 MiB
0 %, 0 %, 16160 MiB, 16160 MiB, 0 MiB
0 %, 0 %, 16160 MiB, 16160 MiB, 0 MiB
0 %, 0 %, 16160 MiB, 16160 MiB, 0 MiB
0 %, 0 %, 16160 MiB, 16160 MiB, 0 MiB
0 %, 0 %, 16160 MiB, 16160 MiB, 0 MiB
0 %, 0 %, 16160 MiB, 16160 MiB, 0 MiB
0 %, 0 %, 16160 MiB, 16160 MiB, 0 MiB
0 %, 0 %, 16160 MiB, 16160 MiB, 0 MiB
0 %, 0 %, 16160 MiB, 16160 MiB, 0 MiB
0 %, 0 %, 16160 MiB, 16160 MiB, 0 MiB
0 %, 0 %, 16160 MiB, 16160 MiB, 0 MiB
0 %, 0 %, 16160 MiB, 16160 MiB, 0 MiB
0 %, 0 %, 16160 MiB, 16160 MiB, 0 MiB
0 %, 0 %, 16160 MiB, 16160 MiB, 0 MiB
0 %, 0 %, 16160 MiB, 16160 MiB, 0 MiB
0 %, 0 %, 16160 MiB, 16160 MiB, 0 MiB
0 %, 0 %, 16160 MiB, 16160 MiB, 0 MiB
0 %, 0 %, 16160 MiB, 16160 MiB, 0 MiB
0 %, 0 %, 16160 MiB, 16160 MiB, 0 MiB
0 %, 0 %, 16160 MiB, 16160 MiB, 0 MiB
0 %, 0 %, 16160 MiB, 16160 MiB, 0 MiB
0 %, 0 %, 16160 MiB, 16160 MiB, 0 MiB
0 %, 0 %, 16160 MiB, 16160 MiB, 0 MiB
0 %, 0 %, 16160 MiB, 16160 MiB, 0 MiB
0 %, 0 %, 16160 MiB, 16160 MiB, 0 MiB
0 %, 0 %, 16160 MiB, 16160 MiB, 0 MiB
0 %, 0 %, 16160 MiB, 16160 MiB, 0 MiB
0 %, 0 %, 16160 MiB, 16160 MiB, 0 MiB
0 %, 0 %, 16160 MiB, 16160 MiB, 0 MiB
0 %, 0 %, 16160 MiB, 16160 MiB, 0 MiB
0 %, 0 %, 16160 MiB, 16160 MiB, 0 MiB
0 %, 0 %, 16160 MiB, 16160 MiB, 0 MiB
0 %, 0 %, 16160 MiB, 16160 MiB, 0 MiB
0 %, 0 %, 16160 MiB, 16160 MiB, 0 MiB
0 %, 0 %, 16160 MiB, 16160 MiB, 0 MiB
0 %, 0 %, 16160 MiB, 16160 MiB, 0 MiB
0 %, 0 %, 16160 MiB, 16160 MiB, 0 MiB
0 %, 0 %, 16160 MiB, 16160 MiB, 0 MiB
0 %, 0 %, 16160 MiB, 16160 MiB, 0 MiB
0 %, 0 %, 16160 MiB, 16160 MiB, 0 MiB
0 %, 0 %, 16160 MiB, 16160 MiB, 0 MiB
0 %, 0 %, 16160 MiB, 16160 MiB, 0 MiB
0 %, 0 %, 16160 MiB, 16160 MiB, 0 MiB
0 %, 0 %, 16160 MiB, 16160 MiB, 0 MiB
0 %, 0 %, 16160 MiB, 16160 MiB, 0 MiB
0 %, 0 %, 16160 MiB, 16160 MiB, 0 MiB
0 %, 0 %, 16160 MiB, 16160 MiB, 0 MiB
0 %, 0 %, 16160 MiB, 16160 MiB, 0 MiB
0 %, 0 %, 16160 MiB, 16160 MiB, 0 MiB
0 %, 0 %, 16160 MiB, 16160 MiB, 0 MiB
0 %, 0 %, 16160 MiB, 16160 MiB, 0 MiB
0 %, 0 %, 16160 MiB, 16160 MiB, 0 MiB
0 %, 0 %, 16160 MiB, 16160 MiB, 0 MiB
0 %, 0 %, 16160 MiB, 16160 MiB, 0 MiB
0 %, 0 %, 16160 MiB, 16160 MiB, 0 MiB
0 %, 0 %, 16160 MiB, 16160 MiB, 0 MiB
0 %, 0 %, 16160 MiB, 16160 MiB, 0 MiB
0 %, 0 %, 16160 MiB, 16160 MiB, 0 MiB
0 %, 0 %, 16160 MiB, 16160 MiB, 0 MiB
0 %, 0 %, 16160 MiB, 16160 MiB, 0 MiB
0 %, 0 %, 16160 MiB, 16160 MiB, 0 MiB
0 %, 0 %, 16160 MiB, 16160 MiB, 0 MiB
0 %, 0 %, 16160 MiB, 16160 MiB, 0 MiB
0 %, 0 %, 16160 MiB, 16160 MiB, 0 MiB
0 %, 0 %, 16160 MiB, 16160 MiB, 0 MiB
0 %, 0 %, 16160 MiB, 16160 MiB, 0 MiB
0 %, 0 %, 16160 MiB, 16160 MiB, 0 MiB
0 %, 0 %, 16160 MiB, 16160 MiB, 0 MiB
0 %, 0 %, 16160 MiB, 16160 MiB, 0 MiB
0 %, 0 %, 16160 MiB, 16160 MiB, 0 MiB
0 %, 0 %, 16160 MiB, 16160 MiB, 0 MiB
0 %, 0 %, 16160 MiB, 16160 MiB, 0 MiB
0 %, 0 %, 16160 MiB, 16160 MiB, 0 MiB
0 %, 0 %, 16160 MiB, 16160 MiB, 0 MiB
0 %, 0 %, 16160 MiB, 16160 MiB, 0 MiB
0 %, 0 %, 16160 MiB, 16160 MiB, 0 MiB
0 %, 0 %, 16160 MiB, 16160 MiB, 0 MiB
0 %, 0 %, 16160 MiB, 16160 MiB, 0 MiB
0 %, 0 %, 16160 MiB, 16160 MiB, 0 MiB
0 %, 0 %, 16160 MiB, 16160 MiB, 0 MiB
0 %, 0 %, 16160 MiB, 16160 MiB, 0 MiB
0 %, 0 %, 16160 MiB, 16160 MiB, 0 MiB
0 %, 0 %, 16160 MiB, 16160 MiB, 0 MiB
0 %, 0 %, 16160 MiB, 16160 MiB, 0 MiB
0 %, 0 %, 16160 MiB, 16160 MiB, 0 MiB
0 %, 0 %, 16160 MiB, 16160 MiB, 0 MiB
0 %, 0 %, 16160 MiB, 16160 MiB, 0 MiB
0 %, 0 %, 16160 MiB, 16160 MiB, 0 MiB
0 %, 0 %, 16160 MiB, 16160 MiB, 0 MiB
0 %, 0 %, 16160 MiB, 16160 MiB, 0 MiB
0 %, 0 %, 16160 MiB, 16160 MiB, 0 MiB
0 %, 0 %, 16160 MiB, 16160 MiB, 0 MiB
0 %, 0 %, 16160 MiB, 16160 MiB, 0 MiB
0 %, 0 %, 16160 MiB, 16160 MiB, 0 MiB
0 %, 0 %, 16160 MiB, 16160 MiB, 0 MiB
0 %, 0 %, 16160 MiB, 16160 MiB, 0 MiB
0 %, 0 %, 16160 MiB, 16160 MiB, 0 MiB
0 %, 0 %, 16160 MiB, 16160 MiB, 0 MiB
0 %, 0 %, 16160 MiB, 16160 MiB, 0 MiB
0 %, 0 %, 16160 MiB, 16160 MiB, 0 MiB
0 %, 0 %, 16160 MiB, 16160 MiB, 0 MiB
0 %, 0 %, 16160 MiB, 16160 MiB, 0 MiB
0 %, 0 %, 16160 MiB, 16160 MiB, 0 MiB
0 %, 0 %, 16160 MiB, 16160 MiB, 0 MiB
0 %, 0 %, 16160 MiB, 16160 MiB, 0 MiB
0 %, 0 %, 16160 MiB, 16160 MiB, 0 MiB
0 %, 0 %, 16160 MiB, 16160 MiB, 0 MiB
0 %, 0 %, 16160 MiB, 16160 MiB, 0 MiB
0 %, 0 %, 16160 MiB, 16160 MiB, 0 MiB
0 %, 0 %, 16160 MiB, 16160 MiB, 0 MiB
0 %, 0 %, 16160 MiB, 16160 MiB, 0 MiB
0 %, 0 %, 16160 MiB, 16160 MiB, 0 MiB
0 %, 0 %, 16160 MiB, 16160 MiB, 0 MiB
0 %, 0 %, 16160 MiB, 16160 MiB, 0 MiB
0 %, 0 %, 16160 MiB, 16160 MiB, 0 MiB
0 %, 0 %, 16160 MiB, 16160 MiB, 0 MiB
0 %, 0 %, 16160 MiB, 16160 MiB, 0 MiB
0 %, 0 %, 16160 MiB, 16160 MiB, 0 MiB
0 %, 0 %, 16160 MiB, 16160 MiB, 0 MiB
0 %, 0 %, 16160 MiB, 16160 MiB, 0 MiB
0 %, 0 %, 16160 MiB, 16160 MiB, 0 MiB
0 %, 0 %, 16160 MiB, 16160 MiB, 0 MiB
0 %, 0 %, 16160 MiB, 16160 MiB, 0 MiB
0 %, 0 %, 16160 MiB, 16160 MiB, 0 MiB
0 %, 0 %, 16160 MiB, 16160 MiB, 0 MiB
0 %, 0 %, 16160 MiB, 16160 MiB, 0 MiB
0 %, 0 %, 16160 MiB, 16160 MiB, 0 MiB
0 %, 0 %, 16160 MiB, 16160 MiB, 0 MiB
0 %, 0 %, 16160 MiB, 16160 MiB, 0 MiB
0 %, 0 %, 16160 MiB, 16160 MiB, 0 MiB
0 %, 0 %, 16160 MiB, 16160 MiB, 0 MiB
0 %, 0 %, 16160 MiB, 16160 MiB, 0 MiB
0 %, 0 %, 16160 MiB, 16160 MiB, 0 MiB
0 %, 0 %, 16160 MiB, 16160 MiB, 0 MiB
0 %, 0 %, 16160 MiB, 16160 MiB, 0 MiB
0 %, 0 %, 16160 MiB, 16160 MiB, 0 MiB
0 %, 0 %, 16160 MiB, 16160 MiB, 0 MiB
0 %, 0 %, 16160 MiB, 16160 MiB, 0 MiB
0 %, 0 %, 16160 MiB, 16160 MiB, 0 MiB
0 %, 0 %, 16160 MiB, 16160 MiB, 0 MiB
0 %, 0 %, 16160 MiB, 16160 MiB, 0 MiB
0 %, 0 %, 16160 MiB, 16160 MiB, 0 MiB
0 %, 0 %, 16160 MiB, 16160 MiB, 0 MiB
0 %, 0 %, 16160 MiB, 16160 MiB, 0 MiB
0 %, 0 %, 16160 MiB, 16160 MiB, 0 MiB
0 %, 0 %, 16160 MiB, 16160 MiB, 0 MiB
0 %, 0 %, 16160 MiB, 16160 MiB, 0 MiB
0 %, 0 %, 16160 MiB, 16160 MiB, 0 MiB
0 %, 0 %, 16160 MiB, 16160 MiB, 0 MiB
0 %, 0 %, 16160 MiB, 16160 MiB, 0 MiB
0 %, 0 %, 16160 MiB, 16160 MiB, 0 MiB
0 %, 0 %, 16160 MiB, 16160 MiB, 0 MiB
0 %, 0 %, 16160 MiB, 16160 MiB, 0 MiB
0 %, 0 %, 16160 MiB, 16160 MiB, 0 MiB
0 %, 0 %, 16160 MiB, 16160 MiB, 0 MiB
0 %, 0 %, 16160 MiB, 16160 MiB, 0 MiB
0 %, 0 %, 16160 MiB, 16160 MiB, 0 MiB
0 %, 0 %, 16160 MiB, 16160 MiB, 0 MiB
0 %, 0 %, 16160 MiB, 16160 MiB, 0 MiB
0 %, 0 %, 16160 MiB, 16160 MiB, 0 MiB
0 %, 0 %, 16160 MiB, 16160 MiB, 0 MiB
0 %, 0 %, 16160 MiB, 16160 MiB, 0 MiB
0 %, 0 %, 16160 MiB, 16160 MiB, 0 MiB
0 %, 0 %, 16160 MiB, 16160 MiB, 0 MiB
0 %, 0 %, 16160 MiB, 16160 MiB, 0 MiB
0 %, 0 %, 16160 MiB, 16160 MiB, 0 MiB
0 %, 0 %, 16160 MiB, 16160 MiB, 0 MiB
0 %, 0 %, 16160 MiB, 16160 MiB, 0 MiB
0 %, 0 %, 16160 MiB, 16160 MiB, 0 MiB
0 %, 0 %, 16160 MiB, 16160 MiB, 0 MiB
0 %, 0 %, 16160 MiB, 16160 MiB, 0 MiB
0 %, 0 %, 16160 MiB, 16160 MiB, 0 MiB
0 %, 0 %, 16160 MiB, 16160 MiB, 0 MiB
0 %, 0 %, 16160 MiB, 16160 MiB, 0 MiB
0 %, 0 %, 16160 MiB, 16160 MiB, 0 MiB
0 %, 0 %, 16160 MiB, 16160 MiB, 0 MiB
0 %, 0 %, 16160 MiB, 16160 MiB, 0 MiB
0 %, 0 %, 16160 MiB, 16160 MiB, 0 MiB
0 %, 0 %, 16160 MiB, 16160 MiB, 0 MiB
0 %, 0 %, 16160 MiB, 16160 MiB, 0 MiB
0 %, 0 %, 16160 MiB, 16160 MiB, 0 MiB
0 %, 0 %, 16160 MiB, 16160 MiB, 0 MiB
0 %, 0 %, 16160 MiB, 16160 MiB, 0 MiB
0 %, 0 %, 16160 MiB, 16160 MiB, 0 MiB
0 %, 0 %, 16160 MiB, 16160 MiB, 0 MiB
0 %, 0 %, 16160 MiB, 16160 MiB, 0 MiB
0 %, 0 %, 16160 MiB, 16160 MiB, 0 MiB
0 %, 0 %, 16160 MiB, 16160 MiB, 0 MiB
0 %, 0 %, 16160 MiB, 16160 MiB, 0 MiB
0 %, 0 %, 16160 MiB, 16160 MiB, 0 MiB
0 %, 0 %, 16160 MiB, 16160 MiB, 0 MiB
0 %, 0 %, 16160 MiB, 16160 MiB, 0 MiB
0 %, 0 %, 16160 MiB, 16160 MiB, 0 MiB
0 %, 0 %, 16160 MiB, 16160 MiB, 0 MiB
0 %, 0 %, 16160 MiB, 16160 MiB, 0 MiB
0 %, 0 %, 16160 MiB, 16160 MiB, 0 MiB
0 %, 0 %, 16160 MiB, 16160 MiB, 0 MiB
0 %, 0 %, 16160 MiB, 16160 MiB, 0 MiB
0 %, 0 %, 16160 MiB, 16160 MiB, 0 MiB
0 %, 0 %, 16160 MiB, 16160 MiB, 0 MiB
0 %, 0 %, 16160 MiB, 16160 MiB, 0 MiB
0 %, 0 %, 16160 MiB, 16160 MiB, 0 MiB
0 %, 0 %, 16160 MiB, 16160 MiB, 0 MiB
0 %, 0 %, 16160 MiB, 16160 MiB, 0 MiB
0 %, 0 %, 16160 MiB, 16160 MiB, 0 MiB
0 %, 0 %, 16160 MiB, 16160 MiB, 0 MiB
0 %, 0 %, 16160 MiB, 16160 MiB, 0 MiB
0 %, 0 %, 16160 MiB, 16160 MiB, 0 MiB
0 %, 0 %, 16160 MiB, 16160 MiB, 0 MiB
0 %, 0 %, 16160 MiB, 16160 MiB, 0 MiB
0 %, 0 %, 16160 MiB, 16160 MiB, 0 MiB
0 %, 0 %, 16160 MiB, 16160 MiB, 0 MiB
0 %, 0 %, 16160 MiB, 16160 MiB, 0 MiB
0 %, 0 %, 16160 MiB, 16160 MiB, 0 MiB
0 %, 0 %, 16160 MiB, 16160 MiB, 0 MiB
0 %, 0 %, 16160 MiB, 16160 MiB, 0 MiB
0 %, 0 %, 16160 MiB, 16160 MiB, 0 MiB
0 %, 0 %, 16160 MiB, 16160 MiB, 0 MiB
0 %, 0 %, 16160 MiB, 16160 MiB, 0 MiB
0 %, 0 %, 16160 MiB, 16160 MiB, 0 MiB
0 %, 0 %, 16160 MiB, 16160 MiB, 0 MiB
0 %, 0 %, 16160 MiB, 16160 MiB, 0 MiB
0 %, 0 %, 16160 MiB, 16160 MiB, 0 MiB
0 %, 0 %, 16160 MiB, 16160 MiB, 0 MiB
0 %, 0 %, 16160 MiB, 16160 MiB, 0 MiB
0 %, 0 %, 16160 MiB, 16160 MiB, 0 MiB
0 %, 0 %, 16160 MiB, 16160 MiB, 0 MiB
0 %, 0 %, 16160 MiB, 16160 MiB, 0 MiB
0 %, 0 %, 16160 MiB, 16160 MiB, 0 MiB
0 %, 0 %, 16160 MiB, 16160 MiB, 0 MiB
0 %, 0 %, 16160 MiB, 16160 MiB, 0 MiB
0 %, 0 %, 16160 MiB, 16160 MiB, 0 MiB
0 %, 0 %, 16160 MiB, 16160 MiB, 0 MiB
0 %, 0 %, 16160 MiB, 16160 MiB, 0 MiB
0 %, 0 %, 16160 MiB, 16160 MiB, 0 MiB
0 %, 0 %, 16160 MiB, 16160 MiB, 0 MiB
0 %, 0 %, 16160 MiB, 16160 MiB, 0 MiB
0 %, 0 %, 16160 MiB, 16160 MiB, 0 MiB
0 %, 0 %, 16160 MiB, 16160 MiB, 0 MiB
0 %, 0 %, 16160 MiB, 16160 MiB, 0 MiB
0 %, 0 %, 16160 MiB, 16160 MiB, 0 MiB
0 %, 0 %, 16160 MiB, 16160 MiB, 0 MiB
0 %, 0 %, 16160 MiB, 16160 MiB, 0 MiB
0 %, 0 %, 16160 MiB, 16160 MiB, 0 MiB
0 %, 0 %, 16160 MiB, 16160 MiB, 0 MiB
0 %, 0 %, 16160 MiB, 16160 MiB, 0 MiB
0 %, 0 %, 16160 MiB, 16160 MiB, 0 MiB
0 %, 0 %, 16160 MiB, 16160 MiB, 0 MiB
0 %, 0 %, 16160 MiB, 16160 MiB, 0 MiB
0 %, 0 %, 16160 MiB, 16160 MiB, 0 MiB
0 %, 0 %, 16160 MiB, 16160 MiB, 0 MiB
0 %, 0 %, 16160 MiB, 16160 MiB, 0 MiB
0 %, 0 %, 16160 MiB, 16160 MiB, 0 MiB
0 %, 0 %, 16160 MiB, 16160 MiB, 0 MiB
0 %, 0 %, 16160 MiB, 16160 MiB, 0 MiB
0 %, 0 %, 16160 MiB, 16160 MiB, 0 MiB
0 %, 0 %, 16160 MiB, 16160 MiB, 0 MiB
0 %, 0 %, 16160 MiB, 16160 MiB, 0 MiB
0 %, 0 %, 16160 MiB, 16160 MiB, 0 MiB
0 %, 0 %, 16160 MiB, 16160 MiB, 0 MiB
0 %, 0 %, 16160 MiB, 16160 MiB, 0 MiB
0 %, 0 %, 16160 MiB, 16160 MiB, 0 MiB
0 %, 0 %, 16160 MiB, 16160 MiB, 0 MiB
0 %, 0 %, 16160 MiB, 16160 MiB, 0 MiB
0 %, 0 %, 16160 MiB, 16160 MiB, 0 MiB
0 %, 0 %, 16160 MiB, 16160 MiB, 0 MiB
0 %, 0 %, 16160 MiB, 16160 MiB, 0 MiB
0 %, 0 %, 16160 MiB, 16160 MiB, 0 MiB
0 %, 0 %, 16160 MiB, 16160 MiB, 0 MiB
0 %, 0 %, 16160 MiB, 16160 MiB, 0 MiB
0 %, 0 %, 16160 MiB, 16160 MiB, 0 MiB
0 %, 0 %, 16160 MiB, 16160 MiB, 0 MiB
0 %, 0 %, 16160 MiB, 16160 MiB, 0 MiB
0 %, 0 %, 16160 MiB, 16160 MiB, 0 MiB
0 %, 0 %, 16160 MiB, 16160 MiB, 0 MiB
0 %, 0 %, 16160 MiB, 16160 MiB, 0 MiB
0 %, 0 %, 16160 MiB, 16160 MiB, 0 MiB
0 %, 0 %, 16160 MiB, 16160 MiB, 0 MiB
0 %, 0 %, 16160 MiB, 16160 MiB, 0 MiB
0 %, 0 %, 16160 MiB, 16160 MiB, 0 MiB
0 %, 0 %, 16160 MiB, 16160 MiB, 0 MiB
0 %, 0 %, 16160 MiB, 16160 MiB, 0 MiB
0 %, 0 %, 16160 MiB, 16160 MiB, 0 MiB
0 %, 0 %, 16160 MiB, 16160 MiB, 0 MiB
0 %, 0 %, 16160 MiB, 16160 MiB, 0 MiB
0 %, 0 %, 16160 MiB, 16160 MiB, 0 MiB
0 %, 0 %, 16160 MiB, 16160 MiB, 0 MiB
0 %, 0 %, 16160 MiB, 16160 MiB, 0 MiB
0 %, 0 %, 16160 MiB, 16160 MiB, 0 MiB
0 %, 0 %, 16160 MiB, 16160 MiB, 0 MiB
0 %, 0 %, 16160 MiB, 16160 MiB, 0 MiB
0 %, 0 %, 16160 MiB, 16160 MiB, 0 MiB
0 %, 0 %, 16160 MiB, 16160 MiB, 0 MiB
0 %, 0 %, 16160 MiB, 16160 MiB, 0 MiB
0 %, 0 %, 16160 MiB, 16160 MiB, 0 MiB
0 %, 0 %, 16160 MiB, 16160 MiB, 0 MiB
0 %, 0 %, 16160 MiB, 16160 MiB, 0 MiB
0 %, 0 %, 16160 MiB, 16160 MiB, 0 MiB
0 %, 0 %, 16160 MiB, 16160 MiB, 0 MiB
0 %, 0 %, 16160 MiB, 16160 MiB, 0 MiB
0 %, 0 %, 16160 MiB, 16160 MiB, 0 MiB
0 %, 0 %, 16160 MiB, 16160 MiB, 0 MiB
0 %, 0 %, 16160 MiB, 16160 MiB, 0 MiB
0 %, 0 %, 16160 MiB, 16160 MiB, 0 MiB
0 %, 0 %, 16160 MiB, 16160 MiB, 0 MiB
0 %, 0 %, 16160 MiB, 16160 MiB, 0 MiB
0 %, 0 %, 16160 MiB, 16160 MiB, 0 MiB
0 %, 0 %, 16160 MiB, 16160 MiB, 0 MiB
0 %, 0 %, 16160 MiB, 16160 MiB, 0 MiB
0 %, 0 %, 16160 MiB, 16160 MiB, 0 MiB
0 %, 0 %, 16160 MiB, 16160 MiB, 0 MiB
0 %, 0 %, 16160 MiB, 16160 MiB, 0 MiB
0 %, 0 %, 16160 MiB, 16160 MiB, 0 MiB
0 %, 0 %, 16160 MiB, 16160 MiB, 0 MiB
0 %, 0 %, 16160 MiB, 16160 MiB, 0 MiB
0 %, 0 %, 16160 MiB, 16160 MiB, 0 MiB
0 %, 0 %, 16160 MiB, 16160 MiB, 0 MiB
0 %, 0 %, 16160 MiB, 16160 MiB, 0 MiB
0 %, 0 %, 16160 MiB, 16160 MiB, 0 MiB
0 %, 0 %, 16160 MiB, 16160 MiB, 0 MiB
0 %, 0 %, 16160 MiB, 16160 MiB, 0 MiB
0 %, 0 %, 16160 MiB, 16160 MiB, 0 MiB
0 %, 0 %, 16160 MiB, 16160 MiB, 0 MiB
0 %, 0 %, 16160 MiB, 16160 MiB, 0 MiB
0 %, 0 %, 16160 MiB, 16160 MiB, 0 MiB
0 %, 0 %, 16160 MiB, 16160 MiB, 0 MiB
0 %, 0 %, 16160 MiB, 16160 MiB, 0 MiB
0 %, 0 %, 16160 MiB, 16160 MiB, 0 MiB
0 %, 0 %, 16160 MiB, 16160 MiB, 0 MiB
0 %, 0 %, 16160 MiB, 16160 MiB, 0 MiB
0 %, 0 %, 16160 MiB, 16160 MiB, 0 MiB
0 %, 0 %, 16160 MiB, 16160 MiB, 0 MiB
0 %, 0 %, 16160 MiB, 16160 MiB, 0 MiB
0 %, 0 %, 16160 MiB, 16160 MiB, 0 MiB
0 %, 0 %, 16160 MiB, 16160 MiB, 0 MiB
0 %, 0 %, 16160 MiB, 16160 MiB, 0 MiB
0 %, 0 %, 16160 MiB, 16160 MiB, 0 MiB
0 %, 0 %, 16160 MiB, 16160 MiB, 0 MiB
0 %, 0 %, 16160 MiB, 16160 MiB, 0 MiB
0 %, 0 %, 16160 MiB, 16160 MiB, 0 MiB
0 %, 0 %, 16160 MiB, 16160 MiB, 0 MiB
0 %, 0 %, 16160 MiB, 16160 MiB, 0 MiB
0 %, 0 %, 16160 MiB, 16160 MiB, 0 MiB
0 %, 0 %, 16160 MiB, 16160 MiB, 0 MiB
0 %, 0 %, 16160 MiB, 16160 MiB, 0 MiB
0 %, 0 %, 16160 MiB, 16160 MiB, 0 MiB
0 %, 0 %, 16160 MiB, 16160 MiB, 0 MiB
0 %, 0 %, 16160 MiB, 16160 MiB, 0 MiB
0 %, 0 %, 16160 MiB, 16160 MiB, 0 MiB
0 %, 0 %, 16160 MiB, 16160 MiB, 0 MiB
0 %, 0 %, 16160 MiB, 16160 MiB, 0 MiB
0 %, 0 %, 16160 MiB, 16160 MiB, 0 MiB
0 %, 0 %, 16160 MiB, 16160 MiB, 0 MiB
0 %, 0 %, 16160 MiB, 16160 MiB, 0 MiB
0 %, 0 %, 16160 MiB, 16160 MiB, 0 MiB
0 %, 0 %, 16160 MiB, 16160 MiB, 0 MiB
0 %, 0 %, 16160 MiB, 16160 MiB, 0 MiB
0 %, 0 %, 16160 MiB, 16160 MiB, 0 MiB
0 %, 0 %, 16160 MiB, 16160 MiB, 0 MiB
0 %, 0 %, 16160 MiB, 16160 MiB, 0 MiB
0 %, 0 %, 16160 MiB, 16160 MiB, 0 MiB
0 %, 0 %, 16160 MiB, 16160 MiB, 0 MiB
0 %, 0 %, 16160 MiB, 16160 MiB, 0 MiB
0 %, 0 %, 16160 MiB, 16160 MiB, 0 MiB
0 %, 0 %, 16160 MiB, 16160 MiB, 0 MiB
0 %, 0 %, 16160 MiB, 16160 MiB, 0 MiB
0 %, 0 %, 16160 MiB, 16160 MiB, 0 MiB
0 %, 0 %, 16160 MiB, 16160 MiB, 0 MiB
0 %, 0 %, 16160 MiB, 16160 MiB, 0 MiB
0 %, 0 %, 16160 MiB, 16160 MiB, 0 MiB
0 %, 0 %, 16160 MiB, 16160 MiB, 0 MiB
0 %, 0 %, 16160 MiB, 16160 MiB, 0 MiB
0 %, 0 %, 16160 MiB, 16160 MiB, 0 MiB
0 %, 0 %, 16160 MiB, 16160 MiB, 0 MiB
0 %, 0 %, 16160 MiB, 16160 MiB, 0 MiB
0 %, 0 %, 16160 MiB, 16160 MiB, 0 MiB
0 %, 0 %, 16160 MiB, 16160 MiB, 0 MiB
0 %, 0 %, 16160 MiB, 16160 MiB, 0 MiB
0 %, 0 %, 16160 MiB, 16160 MiB, 0 MiB
0 %, 0 %, 16160 MiB, 16160 MiB, 0 MiB
0 %, 0 %, 16160 MiB, 16160 MiB, 0 MiB
0 %, 0 %, 16160 MiB, 16160 MiB, 0 MiB
0 %, 0 %, 16160 MiB, 16160 MiB, 0 MiB
0 %, 0 %, 16160 MiB, 16160 MiB, 0 MiB
0 %, 0 %, 16160 MiB, 16160 MiB, 0 MiB
0 %, 0 %, 16160 MiB, 16160 MiB, 0 MiB
0 %, 0 %, 16160 MiB, 16160 MiB, 0 MiB
0 %, 0 %, 16160 MiB, 16160 MiB, 0 MiB
0 %, 0 %, 16160 MiB, 16160 MiB, 0 MiB
0 %, 0 %, 16160 MiB, 16160 MiB, 0 MiB
0 %, 0 %, 16160 MiB, 16160 MiB, 0 MiB
0 %, 0 %, 16160 MiB, 16160 MiB, 0 MiB
0 %, 0 %, 16160 MiB, 16160 MiB, 0 MiB
0 %, 0 %, 16160 MiB, 16160 MiB, 0 MiB
0 %, 0 %, 16160 MiB, 16160 MiB, 0 MiB
0 %, 0 %, 16160 MiB, 16160 MiB, 0 MiB
0 %, 0 %, 16160 MiB, 16160 MiB, 0 MiB
0 %, 0 %, 16160 MiB, 16160 MiB, 0 MiB
0 %, 0 %, 16160 MiB, 16160 MiB, 0 MiB
0 %, 0 %, 16160 MiB, 16160 MiB, 0 MiB
0 %, 0 %, 16160 MiB, 16160 MiB, 0 MiB
0 %, 0 %, 16160 MiB, 16160 MiB, 0 MiB
0 %, 0 %, 16160 MiB, 16160 MiB, 0 MiB
0 %, 0 %, 16160 MiB, 16160 MiB, 0 MiB
0 %, 0 %, 16160 MiB, 16160 MiB, 0 MiB
0 %, 0 %, 16160 MiB, 16160 MiB, 0 MiB
0 %, 0 %, 16160 MiB, 16160 MiB, 0 MiB
0 %, 0 %, 16160 MiB, 16160 MiB, 0 MiB
0 %, 0 %, 16160 MiB, 16160 MiB, 0 MiB
0 %, 0 %, 16160 MiB, 16160 MiB, 0 MiB
0 %, 0 %, 16160 MiB, 16160 MiB, 0 MiB
0 %, 0 %, 16160 MiB, 16160 MiB, 0 MiB
0 %, 0 %, 16160 MiB, 16160 MiB, 0 MiB
0 %, 0 %, 16160 MiB, 16160 MiB, 0 MiB
0 %, 0 %, 16160 MiB, 16160 MiB, 0 MiB
0 %, 0 %, 16160 MiB, 16160 MiB, 0 MiB
0 %, 0 %, 16160 MiB, 16160 MiB, 0 MiB
0 %, 0 %, 16160 MiB, 16160 MiB, 0 MiB
0 %, 0 %, 16160 MiB, 16160 MiB, 0 MiB
0 %, 0 %, 16160 MiB, 16160 MiB, 0 MiB
0 %, 0 %, 16160 MiB, 16160 MiB, 0 MiB
0 %, 0 %, 16160 MiB, 16160 MiB, 0 MiB
0 %, 0 %, 16160 MiB, 16160 MiB, 0 MiB
0 %, 0 %, 16160 MiB, 16160 MiB, 0 MiB
0 %, 0 %, 16160 MiB, 16160 MiB, 0 MiB
0 %, 0 %, 16160 MiB, 16160 MiB, 0 MiB
0 %, 0 %, 16160 MiB, 16160 MiB, 0 MiB
0 %, 0 %, 16160 MiB, 16160 MiB, 0 MiB
0 %, 0 %, 16160 MiB, 16160 MiB, 0 MiB
0 %, 0 %, 16160 MiB, 16160 MiB, 0 MiB
0 %, 0 %, 16160 MiB, 16160 MiB, 0 MiB
0 %, 0 %, 16160 MiB, 16160 MiB, 0 MiB
0 %, 0 %, 16160 MiB, 16160 MiB, 0 MiB
0 %, 0 %, 16160 MiB, 16160 MiB, 0 MiB
0 %, 0 %, 16160 MiB, 16160 MiB, 0 MiB
0 %, 0 %, 16160 MiB, 16160 MiB, 0 MiB
0 %, 0 %, 16160 MiB, 16160 MiB, 0 MiB
0 %, 0 %, 16160 MiB, 16160 MiB, 0 MiB
0 %, 0 %, 16160 MiB, 16160 MiB, 0 MiB
0 %, 0 %, 16160 MiB, 16160 MiB, 0 MiB
0 %, 0 %, 16160 MiB, 16160 MiB, 0 MiB
0 %, 0 %, 16160 MiB, 16160 MiB, 0 MiB
0 %, 0 %, 16160 MiB, 16160 MiB, 0 MiB
0 %, 0 %, 16160 MiB, 16160 MiB, 0 MiB
0 %, 0 %, 16160 MiB, 16160 MiB, 0 MiB
0 %, 0 %, 16160 MiB, 16160 MiB, 0 MiB
0 %, 0 %, 16160 MiB, 16160 MiB, 0 MiB
0 %, 0 %, 16160 MiB, 16160 MiB, 0 MiB
0 %, 0 %, 16160 MiB, 16160 MiB, 0 MiB
0 %, 0 %, 16160 MiB, 16160 MiB, 0 MiB
0 %, 0 %, 16160 MiB, 16160 MiB, 0 MiB
0 %, 0 %, 16160 MiB, 16160 MiB, 0 MiB
0 %, 0 %, 16160 MiB, 16160 MiB, 0 MiB
0 %, 0 %, 16160 MiB, 16160 MiB, 0 MiB
0 %, 0 %, 16160 MiB, 16160 MiB, 0 MiB
0 %, 0 %, 16160 MiB, 16160 MiB, 0 MiB
0 %, 0 %, 16160 MiB, 16160 MiB, 0 MiB
0 %, 0 %, 16160 MiB, 16160 MiB, 0 MiB
0 %, 0 %, 16160 MiB, 16160 MiB, 0 MiB
0 %, 0 %, 16160 MiB, 16160 MiB, 0 MiB
0 %, 0 %, 16160 MiB, 16160 MiB, 0 MiB
0 %, 0 %, 16160 MiB, 16160 MiB, 0 MiB
0 %, 0 %, 16160 MiB, 16160 MiB, 0 MiB
0 %, 0 %, 16160 MiB, 16160 MiB, 0 MiB
0 %, 0 %, 16160 MiB, 16160 MiB, 0 MiB
0 %, 0 %, 16160 MiB, 16160 MiB, 0 MiB
0 %, 0 %, 16160 MiB, 16160 MiB, 0 MiB
0 %, 0 %, 16160 MiB, 16160 MiB, 0 MiB
0 %, 0 %, 16160 MiB, 16160 MiB, 0 MiB
0 %, 0 %, 16160 MiB, 16160 MiB, 0 MiB
0 %, 0 %, 16160 MiB, 16160 MiB, 0 MiB
0 %, 0 %, 16160 MiB, 16160 MiB, 0 MiB
0 %, 0 %, 16160 MiB, 16160 MiB, 0 MiB
0 %, 0 %, 16160 MiB, 16160 MiB, 0 MiB
0 %, 0 %, 16160 MiB, 16160 MiB, 0 MiB
0 %, 0 %, 16160 MiB, 16160 MiB, 0 MiB
0 %, 0 %, 16160 MiB, 16160 MiB, 0 MiB
0 %, 0 %, 16160 MiB, 16160 MiB, 0 MiB
0 %, 0 %, 16160 MiB, 16160 MiB, 0 MiB
0 %, 0 %, 16160 MiB, 16160 MiB, 0 MiB
0 %, 0 %, 16160 MiB, 16160 MiB, 0 MiB
0 %, 0 %, 16160 MiB, 16160 MiB, 0 MiB
0 %, 0 %, 16160 MiB, 16160 MiB, 0 MiB
0 %, 0 %, 16160 MiB, 16160 MiB, 0 MiB
0 %, 0 %, 16160 MiB, 16160 MiB, 0 MiB
0 %, 0 %, 16160 MiB, 16160 MiB, 0 MiB
0 %, 0 %, 16160 MiB, 16160 MiB, 0 MiB
0 %, 0 %, 16160 MiB, 16160 MiB, 0 MiB
0 %, 0 %, 16160 MiB, 16160 MiB, 0 MiB
0 %, 0 %, 16160 MiB, 16160 MiB, 0 MiB
0 %, 0 %, 16160 MiB, 16160 MiB, 0 MiB
0 %, 0 %, 16160 MiB, 16160 MiB, 0 MiB
0 %, 0 %, 16160 MiB, 16160 MiB, 0 MiB
0 %, 0 %, 16160 MiB, 16160 MiB, 0 MiB
0 %, 0 %, 16160 MiB, 16160 MiB, 0 MiB
0 %, 0 %, 16160 MiB, 16160 MiB, 0 MiB
0 %, 0 %, 16160 MiB, 16160 MiB, 0 MiB
0 %, 0 %, 16160 MiB, 16160 MiB, 0 MiB
0 %, 0 %, 16160 MiB, 16160 MiB, 0 MiB
0 %, 0 %, 16160 MiB, 16160 MiB, 0 MiB
0 %, 0 %, 16160 MiB, 16160 MiB, 0 MiB
0 %, 0 %, 16160 MiB, 16160 MiB, 0 MiB
0 %, 0 %, 16160 MiB, 16160 MiB, 0 MiB
0 %, 0 %, 16160 MiB, 16160 MiB, 0 MiB
0 %, 0 %, 16160 MiB, 16160 MiB, 0 MiB
0 %, 0 %, 16160 MiB, 16160 MiB, 0 MiB
0 %, 0 %, 16160 MiB, 16160 MiB, 0 MiB
0 %, 0 %, 16160 MiB, 16160 MiB, 0 MiB
0 %, 0 %, 16160 MiB, 16160 MiB, 0 MiB
0 %, 0 %, 16160 MiB, 16160 MiB, 0 MiB
0 %, 0 %, 16160 MiB, 16160 MiB, 0 MiB
0 %, 0 %, 16160 MiB, 16160 MiB, 0 MiB
0 %, 0 %, 16160 MiB, 16160 MiB, 0 MiB
0 %, 0 %, 16160 MiB, 16160 MiB, 0 MiB
0 %, 0 %, 16160 MiB, 16160 MiB, 0 MiB
0 %, 0 %, 16160 MiB, 16160 MiB, 0 MiB
0 %, 0 %, 16160 MiB, 16160 MiB, 0 MiB
0 %, 0 %, 16160 MiB, 16160 MiB, 0 MiB
0 %, 0 %, 16160 MiB, 16160 MiB, 0 MiB
0 %, 0 %, 16160 MiB, 16160 MiB, 0 MiB
0 %, 0 %, 16160 MiB, 16160 MiB, 0 MiB
0 %, 0 %, 16160 MiB, 16160 MiB, 0 MiB
0 %, 0 %, 16160 MiB, 16160 MiB, 0 MiB
0 %, 0 %, 16160 MiB, 16160 MiB, 0 MiB
0 %, 0 %, 16160 MiB, 16160 MiB, 0 MiB
0 %, 0 %, 16160 MiB, 16160 MiB, 0 MiB
0 %, 0 %, 16160 MiB, 16160 MiB, 0 MiB
0 %, 0 %, 16160 MiB, 16160 MiB, 0 MiB
0 %, 0 %, 16160 MiB, 16160 MiB, 0 MiB
0 %, 0 %, 16160 MiB, 16160 MiB, 0 MiB
0 %, 0 %, 16160 MiB, 16160 MiB, 0 MiB
0 %, 0 %, 16160 MiB, 16160 MiB, 0 MiB
0 %, 0 %, 16160 MiB, 16160 MiB, 0 MiB
0 %, 0 %, 16160 MiB, 16160 MiB, 0 MiB
0 %, 0 %, 16160 MiB, 16160 MiB, 0 MiB
0 %, 0 %, 16160 MiB, 16160 MiB, 0 MiB
0 %, 0 %, 16160 MiB, 16160 MiB, 0 MiB
0 %, 0 %, 16160 MiB, 16160 MiB, 0 MiB
0 %, 0 %, 16160 MiB, 16160 MiB, 0 MiB
0 %, 0 %, 16160 MiB, 16160 MiB, 0 MiB
0 %, 0 %, 16160 MiB, 16160 MiB, 0 MiB
0 %, 0 %, 16160 MiB, 16160 MiB, 0 MiB
0 %, 0 %, 16160 MiB, 16160 MiB, 0 MiB
0 %, 0 %, 16160 MiB, 16160 MiB, 0 MiB
0 %, 0 %, 16160 MiB, 16160 MiB, 0 MiB
0 %, 0 %, 16160 MiB, 16160 MiB, 0 MiB
0 %, 0 %, 16160 MiB, 16160 MiB, 0 MiB
0 %, 0 %, 16160 MiB, 16160 MiB, 0 MiB
0 %, 0 %, 16160 MiB, 16160 MiB, 0 MiB
0 %, 0 %, 16160 MiB, 16160 MiB, 0 MiB
0 %, 0 %, 16160 MiB, 16160 MiB, 0 MiB
0 %, 0 %, 16160 MiB, 16160 MiB, 0 MiB
0 %, 0 %, 16160 MiB, 16160 MiB, 0 MiB
0 %, 0 %, 16160 MiB, 16160 MiB, 0 MiB
0 %, 0 %, 16160 MiB, 16160 MiB, 0 MiB
0 %, 0 %, 16160 MiB, 16160 MiB, 0 MiB
0 %, 0 %, 16160 MiB, 16160 MiB, 0 MiB
0 %, 0 %, 16160 MiB, 16160 MiB, 0 MiB
0 %, 0 %, 16160 MiB, 16160 MiB, 0 MiB
0 %, 0 %, 16160 MiB, 16160 MiB, 0 MiB
0 %, 0 %, 16160 MiB, 16160 MiB, 0 MiB
0 %, 0 %, 16160 MiB, 16160 MiB, 0 MiB
0 %, 0 %, 16160 MiB, 16160 MiB, 0 MiB
0 %, 0 %, 16160 MiB, 16160 MiB, 0 MiB
0 %, 0 %, 16160 MiB, 16160 MiB, 0 MiB
0 %, 0 %, 16160 MiB, 16160 MiB, 0 MiB
0 %, 0 %, 16160 MiB, 16160 MiB, 0 MiB
0 %, 0 %, 16160 MiB, 16160 MiB, 0 MiB
0 %, 0 %, 16160 MiB, 16160 MiB, 0 MiB
0 %, 0 %, 16160 MiB, 16160 MiB, 0 MiB
0 %, 0 %, 16160 MiB, 16160 MiB, 0 MiB
0 %, 0 %, 16160 MiB, 16160 MiB, 0 MiB
0 %, 0 %, 16160 MiB, 16160 MiB, 0 MiB
0 %, 0 %, 16160 MiB, 16160 MiB, 0 MiB
0 %, 0 %, 16160 MiB, 16160 MiB, 0 MiB
0 %, 0 %, 16160 MiB, 16160 MiB, 0 MiB
0 %, 0 %, 16160 MiB, 16160 MiB, 0 MiB
0 %, 0 %, 16160 MiB, 16160 MiB, 0 MiB
0 %, 0 %, 16160 MiB, 16160 MiB, 0 MiB
0 %, 0 %, 16160 MiB, 16160 MiB, 0 MiB
0 %, 0 %, 16160 MiB, 16160 MiB, 0 MiB
0 %, 0 %, 16160 MiB, 16160 MiB, 0 MiB
0 %, 0 %, 16160 MiB, 16160 MiB, 0 MiB
0 %, 0 %, 16160 MiB, 16160 MiB, 0 MiB
0 %, 0 %, 16160 MiB, 16160 MiB, 0 MiB
0 %, 0 %, 16160 MiB, 16160 MiB, 0 MiB
0 %, 0 %, 16160 MiB, 16160 MiB, 0 MiB
0 %, 0 %, 16160 MiB, 16160 MiB, 0 MiB
0 %, 0 %, 16160 MiB, 16160 MiB, 0 MiB
0 %, 0 %, 16160 MiB, 16160 MiB, 0 MiB
0 %, 0 %, 16160 MiB, 16160 MiB, 0 MiB
0 %, 0 %, 16160 MiB, 16160 MiB, 0 MiB
0 %, 0 %, 16160 MiB, 16160 MiB, 0 MiB
0 %, 0 %, 16160 MiB, 16160 MiB, 0 MiB
0 %, 0 %, 16160 MiB, 16160 MiB, 0 MiB
0 %, 0 %, 16160 MiB, 16160 MiB, 0 MiB
0 %, 0 %, 16160 MiB, 16160 MiB, 0 MiB
0 %, 0 %, 16160 MiB, 16160 MiB, 0 MiB
0 %, 0 %, 16160 MiB, 16160 MiB, 0 MiB
0 %, 0 %, 16160 MiB, 16160 MiB, 0 MiB
0 %, 0 %, 16160 MiB, 16160 MiB, 0 MiB
0 %, 0 %, 16160 MiB, 16160 MiB, 0 MiB
0 %, 0 %, 16160 MiB, 16160 MiB, 0 MiB
0 %, 0 %, 16160 MiB, 16160 MiB, 0 MiB
0 %, 0 %, 16160 MiB, 16160 MiB, 0 MiB
0 %, 0 %, 16160 MiB, 16160 MiB, 0 MiB
0 %, 0 %, 16160 MiB, 16160 MiB, 0 MiB
0 %, 0 %, 16160 MiB, 16160 MiB, 0 MiB
0 %, 0 %, 16160 MiB, 16160 MiB, 0 MiB
0 %, 0 %, 16160 MiB, 16160 MiB, 0 MiB
0 %, 0 %, 16160 MiB, 16160 MiB, 0 MiB
0 %, 0 %, 16160 MiB, 16160 MiB, 0 MiB
0 %, 0 %, 16160 MiB, 16160 MiB, 0 MiB
0 %, 0 %, 16160 MiB, 16160 MiB, 0 MiB
0 %, 0 %, 16160 MiB, 16160 MiB, 0 MiB
0 %, 0 %, 16160 MiB, 16160 MiB, 0 MiB
0 %, 0 %, 16160 MiB, 16160 MiB, 0 MiB
0 %, 0 %, 16160 MiB, 16160 MiB, 0 MiB
0 %, 0 %, 16160 MiB, 16160 MiB, 0 MiB
0 %, 0 %, 16160 MiB, 16160 MiB, 0 MiB
0 %, 0 %, 16160 MiB, 16160 MiB, 0 MiB
0 %, 0 %, 16160 MiB, 16160 MiB, 0 MiB
0 %, 0 %, 16160 MiB, 16160 MiB, 0 MiB
0 %, 0 %, 16160 MiB, 16160 MiB, 0 MiB
0 %, 0 %, 16160 MiB, 16160 MiB, 0 MiB
0 %, 0 %, 16160 MiB, 16160 MiB, 0 MiB
0 %, 0 %, 16160 MiB, 16160 MiB, 0 MiB
0 %, 0 %, 16160 MiB, 16160 MiB, 0 MiB
0 %, 0 %, 16160 MiB, 16160 MiB, 0 MiB
0 %, 0 %, 16160 MiB, 16160 MiB, 0 MiB
0 %, 0 %, 16160 MiB, 16160 MiB, 0 MiB
0 %, 0 %, 16160 MiB, 16160 MiB, 0 MiB
0 %, 0 %, 16160 MiB, 16160 MiB, 0 MiB
0 %, 0 %, 16160 MiB, 16160 MiB, 0 MiB
0 %, 0 %, 16160 MiB, 16160 MiB, 0 MiB
0 %, 0 %, 16160 MiB, 16160 MiB, 0 MiB
0 %, 0 %, 16160 MiB, 16160 MiB, 0 MiB
0 %, 0 %, 16160 MiB, 16160 MiB, 0 MiB
0 %, 0 %, 16160 MiB, 16160 MiB, 0 MiB
0 %, 0 %, 16160 MiB, 16160 MiB, 0 MiB
0 %, 0 %, 16160 MiB, 16160 MiB, 0 MiB
0 %, 0 %, 16160 MiB, 16160 MiB, 0 MiB
0 %, 0 %, 16160 MiB, 16160 MiB, 0 MiB
0 %, 0 %, 16160 MiB, 16160 MiB, 0 MiB
0 %, 0 %, 16160 MiB, 16160 MiB, 0 MiB
0 %, 0 %, 16160 MiB, 16160 MiB, 0 MiB
0 %, 0 %, 16160 MiB, 16160 MiB, 0 MiB
0 %, 0 %, 16160 MiB, 16160 MiB, 0 MiB
0 %, 0 %, 16160 MiB, 16160 MiB, 0 MiB
0 %, 0 %, 16160 MiB, 16160 MiB, 0 MiB
0 %, 0 %, 16160 MiB, 16160 MiB, 0 MiB
0 %, 0 %, 16160 MiB, 16160 MiB, 0 MiB
0 %, 0 %, 16160 MiB, 16160 MiB, 0 MiB
0 %, 0 %, 16160 MiB, 16160 MiB, 0 MiB
0 %, 0 %, 16160 MiB, 16160 MiB, 0 MiB
0 %, 0 %, 16160 MiB, 16160 MiB, 0 MiB
0 %, 0 %, 16160 MiB, 16160 MiB, 0 MiB
0 %, 0 %, 16160 MiB, 16160 MiB, 0 MiB
0 %, 0 %, 16160 MiB, 16160 MiB, 0 MiB
0 %, 0 %, 16160 MiB, 16160 MiB, 0 MiB
0 %, 0 %, 16160 MiB, 16160 MiB, 0 MiB
0 %, 0 %, 16160 MiB, 16160 MiB, 0 MiB
0 %, 0 %, 16160 MiB, 16160 MiB, 0 MiB
0 %, 0 %, 16160 MiB, 16160 MiB, 0 MiB
0 %, 0 %, 16160 MiB, 16160 MiB, 0 MiB
0 %, 0 %, 16160 MiB, 16160 MiB, 0 MiB
0 %, 0 %, 16160 MiB, 16160 MiB, 0 MiB
0 %, 0 %, 16160 MiB, 16160 MiB, 0 MiB
0 %, 0 %, 16160 MiB, 16160 MiB, 0 MiB
0 %, 0 %, 16160 MiB, 16160 MiB, 0 MiB
0 %, 0 %, 16160 MiB, 16160 MiB, 0 MiB
0 %, 0 %, 16160 MiB, 16160 MiB, 0 MiB
0 %, 0 %, 16160 MiB, 16160 MiB, 0 MiB
0 %, 0 %, 16160 MiB, 16160 MiB, 0 MiB
0 %, 0 %, 16160 MiB, 16160 MiB, 0 MiB
0 %, 0 %, 16160 MiB, 16160 MiB, 0 MiB
0 %, 0 %, 16160 MiB, 16160 MiB, 0 MiB
0 %, 0 %, 16160 MiB, 16160 MiB, 0 MiB
0 %, 0 %, 16160 MiB, 16160 MiB, 0 MiB
0 %, 0 %, 16160 MiB, 16160 MiB, 0 MiB
0 %, 0 %, 16160 MiB, 16160 MiB, 0 MiB
0 %, 0 %, 16160 MiB, 16160 MiB, 0 MiB
0 %, 0 %, 16160 MiB, 16160 MiB, 0 MiB
0 %, 0 %, 16160 MiB, 16160 MiB, 0 MiB
0 %, 0 %, 16160 MiB, 16160 MiB, 0 MiB
0 %, 0 %, 16160 MiB, 16160 MiB, 0 MiB
0 %, 0 %, 16160 MiB, 16160 MiB, 0 MiB
0 %, 0 %, 16160 MiB, 16160 MiB, 0 MiB
0 %, 0 %, 16160 MiB, 16160 MiB, 0 MiB
0 %, 0 %, 16160 MiB, 16160 MiB, 0 MiB
0 %, 0 %, 16160 MiB, 16160 MiB, 0 MiB
0 %, 0 %, 16160 MiB, 16160 MiB, 0 MiB
0 %, 0 %, 16160 MiB, 16160 MiB, 0 MiB
0 %, 0 %, 16160 MiB, 16160 MiB, 0 MiB
0 %, 0 %, 16160 MiB, 16160 MiB, 0 MiB
0 %, 0 %, 16160 MiB, 16160 MiB, 0 MiB
0 %, 0 %, 16160 MiB, 16160 MiB, 0 MiB
0 %, 0 %, 16160 MiB, 16160 MiB, 0 MiB
0 %, 0 %, 16160 MiB, 16160 MiB, 0 MiB
0 %, 0 %, 16160 MiB, 16160 MiB, 0 MiB
0 %, 0 %, 16160 MiB, 16160 MiB, 0 MiB
0 %, 0 %, 16160 MiB, 16160 MiB, 0 MiB
0 %, 0 %, 16160 MiB, 16160 MiB, 0 MiB
0 %, 0 %, 16160 MiB, 16160 MiB, 0 MiB
0 %, 0 %, 16160 MiB, 16160 MiB, 0 MiB
0 %, 0 %, 16160 MiB, 16160 MiB, 0 MiB
0 %, 0 %, 16160 MiB, 16160 MiB, 0 MiB
0 %, 0 %, 16160 MiB, 16160 MiB, 0 MiB
0 %, 0 %, 16160 MiB, 16160 MiB, 0 MiB
0 %, 0 %, 16160 MiB, 16160 MiB, 0 MiB
0 %, 0 %, 16160 MiB, 16160 MiB, 0 MiB
0 %, 0 %, 16160 MiB, 16160 MiB, 0 MiB
0 %, 0 %, 16160 MiB, 16160 MiB, 0 MiB
0 %, 0 %, 16160 MiB, 16160 MiB, 0 MiB
0 %, 0 %, 16160 MiB, 16160 MiB, 0 MiB
0 %, 0 %, 16160 MiB, 16160 MiB, 0 MiB
0 %, 0 %, 16160 MiB, 16160 MiB, 0 MiB
0 %, 0 %, 16160 MiB, 16160 MiB, 0 MiB
0 %, 0 %, 16160 MiB, 16160 MiB, 0 MiB
0 %, 0 %, 16160 MiB, 16160 MiB, 0 MiB
0 %, 0 %, 16160 MiB, 16160 MiB, 0 MiB
0 %, 0 %, 16160 MiB, 16160 MiB, 0 MiB
0 %, 0 %, 16160 MiB, 16160 MiB, 0 MiB
0 %, 0 %, 16160 MiB, 16160 MiB, 0 MiB
0 %, 0 %, 16160 MiB, 16160 MiB, 0 MiB
0 %, 0 %, 16160 MiB, 16160 MiB, 0 MiB
0 %, 0 %, 16160 MiB, 16160 MiB, 0 MiB
0 %, 0 %, 16160 MiB, 16160 MiB, 0 MiB
0 %, 0 %, 16160 MiB, 16160 MiB, 0 MiB
0 %, 0 %, 16160 MiB, 16160 MiB, 0 MiB
0 %, 0 %, 16160 MiB, 16160 MiB, 0 MiB
0 %, 0 %, 16160 MiB, 16160 MiB, 0 MiB
0 %, 0 %, 16160 MiB, 16160 MiB, 0 MiB
0 %, 0 %, 16160 MiB, 16160 MiB, 0 MiB
0 %, 0 %, 16160 MiB, 16160 MiB, 0 MiB
0 %, 0 %, 16160 MiB, 16160 MiB, 0 MiB
0 %, 0 %, 16160 MiB, 16160 MiB, 0 MiB
0 %, 0 %, 16160 MiB, 16160 MiB, 0 MiB
0 %, 0 %, 16160 MiB, 16160 MiB, 0 MiB
0 %, 0 %, 16160 MiB, 16160 MiB, 0 MiB
0 %, 0 %, 16160 MiB, 16160 MiB, 0 MiB
0 %, 0 %, 16160 MiB, 16160 MiB, 0 MiB
0 %, 0 %, 16160 MiB, 16160 MiB, 0 MiB
0 %, 0 %, 16160 MiB, 16160 MiB, 0 MiB
0 %, 0 %, 16160 MiB, 16160 MiB, 0 MiB
0 %, 0 %, 16160 MiB, 16160 MiB, 0 MiB
0 %, 0 %, 16160 MiB, 16160 MiB, 0 MiB
0 %, 0 %, 16160 MiB, 16160 MiB, 0 MiB
0 %, 0 %, 16160 MiB, 16160 MiB, 0 MiB
0 %, 0 %, 16160 MiB, 16160 MiB, 0 MiB
0 %, 0 %, 16160 MiB, 16160 MiB, 0 MiB
0 %, 0 %, 16160 MiB, 16160 MiB, 0 MiB
0 %, 0 %, 16160 MiB, 16160 MiB, 0 MiB
0 %, 0 %, 16160 MiB, 16160 MiB, 0 MiB
0 %, 0 %, 16160 MiB, 16160 MiB, 0 MiB
0 %, 0 %, 16160 MiB, 16160 MiB, 0 MiB
0 %, 0 %, 16160 MiB, 16160 MiB, 0 MiB
0 %, 0 %, 16160 MiB, 16160 MiB, 0 MiB
0 %, 0 %, 16160 MiB, 16160 MiB, 0 MiB
0 %, 0 %, 16160 MiB, 16160 MiB, 0 MiB
0 %, 0 %, 16160 MiB, 16160 MiB, 0 MiB
0 %, 0 %, 16160 MiB, 16160 MiB, 0 MiB
0 %, 0 %, 16160 MiB, 16160 MiB, 0 MiB
0 %, 0 %, 16160 MiB, 16160 MiB, 0 MiB
0 %, 0 %, 16160 MiB, 16160 MiB, 0 MiB
0 %, 0 %, 16160 MiB, 16160 MiB, 0 MiB
0 %, 0 %, 16160 MiB, 16160 MiB, 0 MiB
0 %, 0 %, 16160 MiB, 16160 MiB, 0 MiB
0 %, 0 %, 16160 MiB, 16160 MiB, 0 MiB
0 %, 0 %, 16160 MiB, 16160 MiB, 0 MiB
0 %, 0 %, 16160 MiB, 16160 MiB, 0 MiB
0 %, 0 %, 16160 MiB, 16160 MiB, 0 MiB
0 %, 0 %, 16160 MiB, 16160 MiB, 0 MiB
0 %, 0 %, 16160 MiB, 16160 MiB, 0 MiB
0 %, 0 %, 16160 MiB, 16160 MiB, 0 MiB
0 %, 0 %, 16160 MiB, 16160 MiB, 0 MiB
0 %, 0 %, 16160 MiB, 16160 MiB, 0 MiB
0 %, 0 %, 16160 MiB, 16160 MiB, 0 MiB
0 %, 0 %, 16160 MiB, 16160 MiB, 0 MiB
0 %, 0 %, 16160 MiB, 16160 MiB, 0 MiB
0 %, 0 %, 16160 MiB, 16160 MiB, 0 MiB
0 %, 0 %, 16160 MiB, 16160 MiB, 0 MiB
0 %, 0 %, 16160 MiB, 16160 MiB, 0 MiB
0 %, 0 %, 16160 MiB, 16160 MiB, 0 MiB
0 %, 0 %, 16160 MiB, 16160 MiB, 0 MiB
0 %, 0 %, 16160 MiB, 16160 MiB, 0 MiB
0 %, 0 %, 16160 MiB, 16160 MiB, 0 MiB
0 %, 0 %, 16160 MiB, 16160 MiB, 0 MiB
0 %, 0 %, 16160 MiB, 16160 MiB, 0 MiB
0 %, 0 %, 16160 MiB, 16160 MiB, 0 MiB
0 %, 0 %, 16160 MiB, 16160 MiB, 0 MiB
0 %, 0 %, 16160 MiB, 16160 MiB, 0 MiB
0 %, 0 %, 16160 MiB, 16160 MiB, 0 MiB
0 %, 0 %, 16160 MiB, 16160 MiB, 0 MiB
0 %, 0 %, 16160 MiB, 16160 MiB, 0 MiB
0 %, 0 %, 16160 MiB, 16160 MiB, 0 MiB
0 %, 0 %, 16160 MiB, 16160 MiB, 0 MiB
0 %, 0 %, 16160 MiB, 16160 MiB, 0 MiB
0 %, 0 %, 16160 MiB, 16160 MiB, 0 MiB
0 %, 0 %, 16160 MiB, 16160 MiB, 0 MiB
0 %, 0 %, 16160 MiB, 16160 MiB, 0 MiB
0 %, 0 %, 16160 MiB, 16160 MiB, 0 MiB
0 %, 0 %, 16160 MiB, 16160 MiB, 0 MiB
0 %, 0 %, 16160 MiB, 16160 MiB, 0 MiB
0 %, 0 %, 16160 MiB, 16160 MiB, 0 MiB
0 %, 0 %, 16160 MiB, 16160 MiB, 0 MiB
0 %, 0 %, 16160 MiB, 16160 MiB, 0 MiB
0 %, 0 %, 16160 MiB, 16160 MiB, 0 MiB
0 %, 0 %, 16160 MiB, 16160 MiB, 0 MiB
0 %, 0 %, 16160 MiB, 16160 MiB, 0 MiB
0 %, 0 %, 16160 MiB, 16160 MiB, 0 MiB
0 %, 0 %, 16160 MiB, 16160 MiB, 0 MiB
0 %, 0 %, 16160 MiB, 16160 MiB, 0 MiB
0 %, 0 %, 16160 MiB, 16160 MiB, 0 MiB
0 %, 0 %, 16160 MiB, 16160 MiB, 0 MiB
0 %, 0 %, 16160 MiB, 16160 MiB, 0 MiB
0 %, 0 %, 16160 MiB, 16160 MiB, 0 MiB
0 %, 0 %, 16160 MiB, 16160 MiB, 0 MiB
0 %, 0 %, 16160 MiB, 16160 MiB, 0 MiB
0 %, 0 %, 16160 MiB, 16160 MiB, 0 MiB
0 %, 0 %, 16160 MiB, 16160 MiB, 0 MiB
0 %, 0 %, 16160 MiB, 16160 MiB, 0 MiB
0 %, 0 %, 16160 MiB, 16160 MiB, 0 MiB
0 %, 0 %, 16160 MiB, 16160 MiB, 0 MiB
0 %, 0 %, 16160 MiB, 16160 MiB, 0 MiB
0 %, 0 %, 16160 MiB, 16160 MiB, 0 MiB
0 %, 0 %, 16160 MiB, 16160 MiB, 0 MiB
0 %, 0 %, 16160 MiB, 16160 MiB, 0 MiB
0 %, 0 %, 16160 MiB, 16160 MiB, 0 MiB
0 %, 0 %, 16160 MiB, 16160 MiB, 0 MiB
0 %, 0 %, 16160 MiB, 16160 MiB, 0 MiB
0 %, 0 %, 16160 MiB, 16160 MiB, 0 MiB
0 %, 0 %, 16160 MiB, 16160 MiB, 0 MiB
0 %, 0 %, 16160 MiB, 16160 MiB, 0 MiB
0 %, 0 %, 16160 MiB, 16160 MiB, 0 MiB
0 %, 0 %, 16160 MiB, 16160 MiB, 0 MiB
0 %, 0 %, 16160 MiB, 16160 MiB, 0 MiB
0 %, 0 %, 16160 MiB, 16160 MiB, 0 MiB
0 %, 0 %, 16160 MiB, 16160 MiB, 0 MiB
0 %, 0 %, 16160 MiB, 16160 MiB, 0 MiB
0 %, 0 %, 16160 MiB, 16160 MiB, 0 MiB
0 %, 0 %, 16160 MiB, 16160 MiB, 0 MiB
0 %, 0 %, 16160 MiB, 16160 MiB, 0 MiB
0 %, 0 %, 16160 MiB, 16160 MiB, 0 MiB
0 %, 0 %, 16160 MiB, 16160 MiB, 0 MiB
0 %, 0 %, 16160 MiB, 16160 MiB, 0 MiB
0 %, 0 %, 16160 MiB, 16160 MiB, 0 MiB
0 %, 0 %, 16160 MiB, 16160 MiB, 0 MiB
0 %, 0 %, 16160 MiB, 16160 MiB, 0 MiB
0 %, 0 %, 16160 MiB, 16160 MiB, 0 MiB
0 %, 0 %, 16160 MiB, 16160 MiB, 0 MiB
0 %, 0 %, 16160 MiB, 16160 MiB, 0 MiB
0 %, 0 %, 16160 MiB, 16160 MiB, 0 MiB
0 %, 0 %, 16160 MiB, 16160 MiB, 0 MiB
0 %, 0 %, 16160 MiB, 16160 MiB, 0 MiB
0 %, 0 %, 16160 MiB, 16160 MiB, 0 MiB
0 %, 0 %, 16160 MiB, 16160 MiB, 0 MiB
0 %, 0 %, 16160 MiB, 16160 MiB, 0 MiB
0 %, 0 %, 16160 MiB, 16160 MiB, 0 MiB
0 %, 0 %, 16160 MiB, 16160 MiB, 0 MiB
0 %, 0 %, 16160 MiB, 16160 MiB, 0 MiB
0 %, 0 %, 16160 MiB, 16160 MiB, 0 MiB
0 %, 0 %, 16160 MiB, 16160 MiB, 0 MiB
0 %, 0 %, 16160 MiB, 16160 MiB, 0 MiB
0 %, 0 %, 16160 MiB, 16160 MiB, 0 MiB
0 %, 0 %, 16160 MiB, 16160 MiB, 0 MiB
0 %, 0 %, 16160 MiB, 16160 MiB, 0 MiB
0 %, 0 %, 16160 MiB, 16160 MiB, 0 MiB
0 %, 0 %, 16160 MiB, 16160 MiB, 0 MiB
0 %, 0 %, 16160 MiB, 16160 MiB, 0 MiB
0 %, 0 %, 16160 MiB, 16160 MiB, 0 MiB
0 %, 0 %, 16160 MiB, 16160 MiB, 0 MiB
0 %, 0 %, 16160 MiB, 16160 MiB, 0 MiB
0 %, 0 %, 16160 MiB, 16160 MiB, 0 MiB
0 %, 0 %, 16160 MiB, 16160 MiB, 0 MiB
0 %, 0 %, 16160 MiB, 16160 MiB, 0 MiB
0 %, 0 %, 16160 MiB, 16160 MiB, 0 MiB
0 %, 0 %, 16160 MiB, 16160 MiB, 0 MiB
0 %, 0 %, 16160 MiB, 16160 MiB, 0 MiB
0 %, 0 %, 16160 MiB, 16160 MiB, 0 MiB
0 %, 0 %, 16160 MiB, 16160 MiB, 0 MiB
0 %, 0 %, 16160 MiB, 16160 MiB, 0 MiB
0 %, 0 %, 16160 MiB, 16160 MiB, 0 MiB
0 %, 0 %, 16160 MiB, 16160 MiB, 0 MiB
0 %, 0 %, 16160 MiB, 16160 MiB, 0 MiB
0 %, 0 %, 16160 MiB, 16160 MiB, 0 MiB
0 %, 0 %, 16160 MiB, 16160 MiB, 0 MiB
0 %, 0 %, 16160 MiB, 16160 MiB, 0 MiB
0 %, 0 %, 16160 MiB, 16160 MiB, 0 MiB
0 %, 0 %, 16160 MiB, 16160 MiB, 0 MiB
0 %, 0 %, 16160 MiB, 16160 MiB, 0 MiB
0 %, 0 %, 16160 MiB, 16160 MiB, 0 MiB
0 %, 0 %, 16160 MiB, 16160 MiB, 0 MiB
0 %, 0 %, 16160 MiB, 16160 MiB, 0 MiB
0 %, 0 %, 16160 MiB, 16160 MiB, 0 MiB
0 %, 0 %, 16160 MiB, 16160 MiB, 0 MiB
0 %, 0 %, 16160 MiB, 16160 MiB, 0 MiB
0 %, 0 %, 16160 MiB, 16160 MiB, 0 MiB
0 %, 0 %, 16160 MiB, 16160 MiB, 0 MiB
0 %, 0 %, 16160 MiB, 16160 MiB, 0 MiB
0 %, 0 %, 16160 MiB, 16160 MiB, 0 MiB
0 %, 0 %, 16160 MiB, 16160 MiB, 0 MiB
0 %, 0 %, 16160 MiB, 16160 MiB, 0 MiB
0 %, 0 %, 16160 MiB, 16160 MiB, 0 MiB
0 %, 0 %, 16160 MiB, 16160 MiB, 0 MiB
0 %, 0 %, 16160 MiB, 16160 MiB, 0 MiB
0 %, 0 %, 16160 MiB, 16160 MiB, 0 MiB
0 %, 0 %, 16160 MiB, 16160 MiB, 0 MiB
0 %, 0 %, 16160 MiB, 16160 MiB, 0 MiB
0 %, 0 %, 16160 MiB, 16160 MiB, 0 MiB
0 %, 0 %, 16160 MiB, 16160 MiB, 0 MiB
0 %, 0 %, 16160 MiB, 16160 MiB, 0 MiB
0 %, 0 %, 16160 MiB, 16160 MiB, 0 MiB
0 %, 0 %, 16160 MiB, 16160 MiB, 0 MiB
0 %, 0 %, 16160 MiB, 16160 MiB, 0 MiB
0 %, 0 %, 16160 MiB, 16160 MiB, 0 MiB
0 %, 0 %, 16160 MiB, 16160 MiB, 0 MiB
0 %, 0 %, 16160 MiB, 16160 MiB, 0 MiB
0 %, 0 %, 16160 MiB, 16160 MiB, 0 MiB
0 %, 0 %, 16160 MiB, 16160 MiB, 0 MiB
0 %, 0 %, 16160 MiB, 16160 MiB, 0 MiB
0 %, 0 %, 16160 MiB, 16160 MiB, 0 MiB
0 %, 0 %, 16160 MiB, 16160 MiB, 0 MiB
0 %, 0 %, 16160 MiB, 16160 MiB, 0 MiB
0 %, 0 %, 16160 MiB, 16160 MiB, 0 MiB
0 %, 0 %, 16160 MiB, 16160 MiB, 0 MiB
0 %, 0 %, 16160 MiB, 16160 MiB, 0 MiB
0 %, 0 %, 16160 MiB, 16160 MiB, 0 MiB
0 %, 0 %, 16160 MiB, 16160 MiB, 0 MiB
0 %, 0 %, 16160 MiB, 16160 MiB, 0 MiB
0 %, 0 %, 16160 MiB, 16160 MiB, 0 MiB
0 %, 0 %, 16160 MiB, 16160 MiB, 0 MiB
0 %, 0 %, 16160 MiB, 16160 MiB, 0 MiB
0 %, 0 %, 16160 MiB, 16160 MiB, 0 MiB
0 %, 0 %, 16160 MiB, 16160 MiB, 0 MiB
0 %, 0 %, 16160 MiB, 16160 MiB, 0 MiB
0 %, 0 %, 16160 MiB, 16160 MiB, 0 MiB
0 %, 0 %, 16160 MiB, 16160 MiB, 0 MiB
0 %, 0 %, 16160 MiB, 16160 MiB, 0 MiB
0 %, 0 %, 16160 MiB, 16160 MiB, 0 MiB
0 %, 0 %, 16160 MiB, 16160 MiB, 0 MiB
0 %, 0 %, 16160 MiB, 16160 MiB, 0 MiB
0 %, 0 %, 16160 MiB, 16160 MiB, 0 MiB
0 %, 0 %, 16160 MiB, 16160 MiB, 0 MiB
0 %, 0 %, 16160 MiB, 16160 MiB, 0 MiB
0 %, 0 %, 16160 MiB, 16160 MiB, 0 MiB
0 %, 0 %, 16160 MiB, 16160 MiB, 0 MiB
0 %, 0 %, 16160 MiB, 16160 MiB, 0 MiB
0 %, 0 %, 16160 MiB, 16160 MiB, 0 MiB
0 %, 0 %, 16160 MiB, 16160 MiB, 0 MiB
0 %, 0 %, 16160 MiB, 16160 MiB, 0 MiB
0 %, 0 %, 16160 MiB, 16160 MiB, 0 MiB
0 %, 0 %, 16160 MiB, 16160 MiB, 0 MiB
0 %, 0 %, 16160 MiB, 16160 MiB, 0 MiB
0 %, 0 %, 16160 MiB, 16160 MiB, 0 MiB
0 %, 0 %, 16160 MiB, 16160 MiB, 0 MiB
0 %, 0 %, 16160 MiB, 16160 MiB, 0 MiB
0 %, 0 %, 16160 MiB, 16160 MiB, 0 MiB
0 %, 0 %, 16160 MiB, 16160 MiB, 0 MiB
0 %, 0 %, 16160 MiB, 16160 MiB, 0 MiB
0 %, 0 %, 16160 MiB, 16160 MiB, 0 MiB
0 %, 0 %, 16160 MiB, 16160 MiB, 0 MiB
0 %, 0 %, 16160 MiB, 16160 MiB, 0 MiB
0 %, 0 %, 16160 MiB, 16160 MiB, 0 MiB
0 %, 0 %, 16160 MiB, 16160 MiB, 0 MiB
0 %, 0 %, 16160 MiB, 16160 MiB, 0 MiB
0 %, 0 %, 16160 MiB, 16160 MiB, 0 MiB
0 %, 0 %, 16160 MiB, 16160 MiB, 0 MiB
0 %, 0 %, 16160 MiB, 16160 MiB, 0 MiB
0 %, 0 %, 16160 MiB, 16160 MiB, 0 MiB
0 %, 0 %, 16160 MiB, 16160 MiB, 0 MiB
0 %, 0 %, 16160 MiB, 16160 MiB, 0 MiB
0 %, 0 %, 16160 MiB, 16160 MiB, 0 MiB
0 %, 0 %, 16160 MiB, 16160 MiB, 0 MiB
0 %, 0 %, 16160 MiB, 16160 MiB, 0 MiB
0 %, 0 %, 16160 MiB, 16160 MiB, 0 MiB
0 %, 0 %, 16160 MiB, 16160 MiB, 0 MiB
0 %, 0 %, 16160 MiB, 16160 MiB, 0 MiB
0 %, 0 %, 16160 MiB, 16160 MiB, 0 MiB
0 %, 0 %, 16160 MiB, 16160 MiB, 0 MiB
0 %, 0 %, 16160 MiB, 16160 MiB, 0 MiB
0 %, 0 %, 16160 MiB, 16160 MiB, 0 MiB
0 %, 0 %, 16160 MiB, 16160 MiB, 0 MiB
0 %, 0 %, 16160 MiB, 16160 MiB, 0 MiB
0 %, 0 %, 16160 MiB, 16160 MiB, 0 MiB
0 %, 0 %, 16160 MiB, 16160 MiB, 0 MiB
0 %, 0 %, 16160 MiB, 16160 MiB, 0 MiB
0 %, 0 %, 16160 MiB, 16160 MiB, 0 MiB
0 %, 0 %, 16160 MiB, 16160 MiB, 0 MiB
0 %, 0 %, 16160 MiB, 16160 MiB, 0 MiB
0 %, 0 %, 16160 MiB, 16160 MiB, 0 MiB
0 %, 0 %, 16160 MiB, 16160 MiB, 0 MiB
0 %, 0 %, 16160 MiB, 16160 MiB, 0 MiB
0 %, 0 %, 16160 MiB, 16160 MiB, 0 MiB
0 %, 0 %, 16160 MiB, 16160 MiB, 0 MiB
0 %, 0 %, 16160 MiB, 16160 MiB, 0 MiB
0 %, 0 %, 16160 MiB, 16160 MiB, 0 MiB
0 %, 0 %, 16160 MiB, 16160 MiB, 0 MiB
0 %, 0 %, 16160 MiB, 16160 MiB, 0 MiB
0 %, 0 %, 16160 MiB, 16160 MiB, 0 MiB
0 %, 0 %, 16160 MiB, 16160 MiB, 0 MiB
0 %, 0 %, 16160 MiB, 16160 MiB, 0 MiB
0 %, 0 %, 16160 MiB, 16160 MiB, 0 MiB
0 %, 0 %, 16160 MiB, 16160 MiB, 0 MiB
0 %, 0 %, 16160 MiB, 16160 MiB, 0 MiB
0 %, 0 %, 16160 MiB, 16160 MiB, 0 MiB
0 %, 0 %, 16160 MiB, 16160 MiB, 0 MiB
0 %, 0 %, 16160 MiB, 16160 MiB, 0 MiB
0 %, 0 %, 16160 MiB, 16160 MiB, 0 MiB
0 %, 0 %, 16160 MiB, 16160 MiB, 0 MiB
0 %, 0 %, 16160 MiB, 16160 MiB, 0 MiB
0 %, 0 %, 16160 MiB, 16160 MiB, 0 MiB
0 %, 0 %, 16160 MiB, 16160 MiB, 0 MiB
0 %, 0 %, 16160 MiB, 16160 MiB, 0 MiB
0 %, 0 %, 16160 MiB, 16160 MiB, 0 MiB
0 %, 0 %, 16160 MiB, 16160 MiB, 0 MiB
0 %, 0 %, 16160 MiB, 16160 MiB, 0 MiB
0 %, 0 %, 16160 MiB, 16160 MiB, 0 MiB
0 %, 0 %, 16160 MiB, 16160 MiB, 0 MiB
0 %, 0 %, 16160 MiB, 16160 MiB, 0 MiB
0 %, 0 %, 16160 MiB, 16160 MiB, 0 MiB
0 %, 0 %, 16160 MiB, 16160 MiB, 0 MiB
0 %, 0 %, 16160 MiB, 16160 MiB, 0 MiB
0 %, 0 %, 16160 MiB, 16160 MiB, 0 MiB
0 %, 0 %, 16160 MiB, 16160 MiB, 0 MiB
0 %, 0 %, 16160 MiB, 16160 MiB, 0 MiB
0 %, 0 %, 16160 MiB, 16160 MiB, 0 MiB
0 %, 0 %, 16160 MiB, 16160 MiB, 0 MiB
0 %, 0 %, 16160 MiB, 16160 MiB, 0 MiB
0 %, 0 %, 16160 MiB, 16160 MiB, 0 MiB
0 %, 0 %, 16160 MiB, 16160 MiB, 0 MiB
0 %, 0 %, 16160 MiB, 16160 MiB, 0 MiB
0 %, 0 %, 16160 MiB, 16160 MiB, 0 MiB
0 %, 0 %, 16160 MiB, 16160 MiB, 0 MiB
0 %, 0 %, 16160 MiB, 16160 MiB, 0 MiB
0 %, 0 %, 16160 MiB, 16160 MiB, 0 MiB
0 %, 0 %, 16160 MiB, 16160 MiB, 0 MiB
0 %, 0 %, 16160 MiB, 16160 MiB, 0 MiB
0 %, 0 %, 16160 MiB, 16160 MiB, 0 MiB
0 %, 0 %, 16160 MiB, 16160 MiB, 0 MiB
0 %, 0 %, 16160 MiB, 16160 MiB, 0 MiB
0 %, 0 %, 16160 MiB, 16160 MiB, 0 MiB
0 %, 0 %, 16160 MiB, 16160 MiB, 0 MiB
0 %, 0 %, 16160 MiB, 16160 MiB, 0 MiB
0 %, 0 %, 16160 MiB, 16160 MiB, 0 MiB
0 %, 0 %, 16160 MiB, 16160 MiB, 0 MiB
0 %, 0 %, 16160 MiB, 16160 MiB, 0 MiB
0 %, 0 %, 16160 MiB, 16160 MiB, 0 MiB
0 %, 0 %, 16160 MiB, 16160 MiB, 0 MiB
0 %, 0 %, 16160 MiB, 16160 MiB, 0 MiB
0 %, 0 %, 16160 MiB, 16160 MiB, 0 MiB
0 %, 0 %, 16160 MiB, 16160 MiB, 0 MiB
0 %, 0 %, 16160 MiB, 16160 MiB, 0 MiB
0 %, 0 %, 16160 MiB, 16160 MiB, 0 MiB
0 %, 0 %, 16160 MiB, 16160 MiB, 0 MiB
0 %, 0 %, 16160 MiB, 16160 MiB, 0 MiB
0 %, 0 %, 16160 MiB, 16160 MiB, 0 MiB
0 %, 0 %, 16160 MiB, 16160 MiB, 0 MiB
0 %, 0 %, 16160 MiB, 16160 MiB, 0 MiB
0 %, 0 %, 16160 MiB, 16160 MiB, 0 MiB
0 %, 0 %, 16160 MiB, 16160 MiB, 0 MiB
0 %, 0 %, 16160 MiB, 16160 MiB, 0 MiB
0 %, 0 %, 16160 MiB, 16160 MiB, 0 MiB
0 %, 0 %, 16160 MiB, 16160 MiB, 0 MiB
0 %, 0 %, 16160 MiB, 16160 MiB, 0 MiB
0 %, 0 %, 16160 MiB, 16160 MiB, 0 MiB
0 %, 0 %, 16160 MiB, 16160 MiB, 0 MiB
0 %, 0 %, 16160 MiB, 16160 MiB, 0 MiB
0 %, 0 %, 16160 MiB, 16160 MiB, 0 MiB
0 %, 0 %, 16160 MiB, 16160 MiB, 0 MiB
0 %, 0 %, 16160 MiB, 16160 MiB, 0 MiB
0 %, 0 %, 16160 MiB, 16160 MiB, 0 MiB
0 %, 0 %, 16160 MiB, 16160 MiB, 0 MiB
0 %, 0 %, 16160 MiB, 16160 MiB, 0 MiB
0 %, 0 %, 16160 MiB, 16160 MiB, 0 MiB
0 %, 0 %, 16160 MiB, 16160 MiB, 0 MiB
0 %, 0 %, 16160 MiB, 16160 MiB, 0 MiB
0 %, 0 %, 16160 MiB, 16160 MiB, 0 MiB
0 %, 0 %, 16160 MiB, 16160 MiB, 0 MiB
0 %, 0 %, 16160 MiB, 16160 MiB, 0 MiB
0 %, 0 %, 16160 MiB, 16160 MiB, 0 MiB
0 %, 0 %, 16160 MiB, 16160 MiB, 0 MiB
0 %, 0 %, 16160 MiB, 16160 MiB, 0 MiB
0 %, 0 %, 16160 MiB, 16160 MiB, 0 MiB
0 %, 0 %, 16160 MiB, 16160 MiB, 0 MiB
0 %, 0 %, 16160 MiB, 16160 MiB, 0 MiB
0 %, 0 %, 16160 MiB, 16160 MiB, 0 MiB
0 %, 0 %, 16160 MiB, 16160 MiB, 0 MiB
0 %, 0 %, 16160 MiB, 16160 MiB, 0 MiB
0 %, 0 %, 16160 MiB, 16160 MiB, 0 MiB
0 %, 0 %, 16160 MiB, 16160 MiB, 0 MiB
0 %, 0 %, 16160 MiB, 16160 MiB, 0 MiB
0 %, 0 %, 16160 MiB, 16160 MiB, 0 MiB
0 %, 0 %, 16160 MiB, 16160 MiB, 0 MiB
0 %, 0 %, 16160 MiB, 16160 MiB, 0 MiB
0 %, 0 %, 16160 MiB, 16160 MiB, 0 MiB
0 %, 0 %, 16160 MiB, 16160 MiB, 0 MiB
0 %, 0 %, 16160 MiB, 16160 MiB, 0 MiB
0 %, 0 %, 16160 MiB, 16160 MiB, 0 MiB
0 %, 0 %, 16160 MiB, 16160 MiB, 0 MiB
0 %, 0 %, 16160 MiB, 16160 MiB, 0 MiB
0 %, 0 %, 16160 MiB, 16160 MiB, 0 MiB
0 %, 0 %, 16160 MiB, 16160 MiB, 0 MiB
0 %, 0 %, 16160 MiB, 16160 MiB, 0 MiB
0 %, 0 %, 16160 MiB, 16160 MiB, 0 MiB
0 %, 0 %, 16160 MiB, 16160 MiB, 0 MiB
0 %, 0 %, 16160 MiB, 16160 MiB, 0 MiB
0 %, 0 %, 16160 MiB, 16160 MiB, 0 MiB
0 %, 0 %, 16160 MiB, 16160 MiB, 0 MiB
0 %, 0 %, 16160 MiB, 16160 MiB, 0 MiB
0 %, 0 %, 16160 MiB, 16160 MiB, 0 MiB
0 %, 0 %, 16160 MiB, 16160 MiB, 0 MiB
0 %, 0 %, 16160 MiB, 16160 MiB, 0 MiB
0 %, 0 %, 16160 MiB, 16160 MiB, 0 MiB
0 %, 0 %, 16160 MiB, 16160 MiB, 0 MiB
0 %, 0 %, 16160 MiB, 16160 MiB, 0 MiB
0 %, 0 %, 16160 MiB, 16160 MiB, 0 MiB
0 %, 0 %, 16160 MiB, 16160 MiB, 0 MiB
0 %, 0 %, 16160 MiB, 16160 MiB, 0 MiB
0 %, 0 %, 16160 MiB, 16160 MiB, 0 MiB
0 %, 0 %, 16160 MiB, 16160 MiB, 0 MiB
0 %, 0 %, 16160 MiB, 16160 MiB, 0 MiB
0 %, 0 %, 16160 MiB, 16160 MiB, 0 MiB
0 %, 0 %, 16160 MiB, 16160 MiB, 0 MiB
0 %, 0 %, 16160 MiB, 16160 MiB, 0 MiB
0 %, 0 %, 16160 MiB, 16160 MiB, 0 MiB
0 %, 0 %, 16160 MiB, 16160 MiB, 0 MiB
0 %, 0 %, 16160 MiB, 16160 MiB, 0 MiB
0 %, 0 %, 16160 MiB, 16160 MiB, 0 MiB
0 %, 0 %, 16160 MiB, 16160 MiB, 0 MiB
0 %, 0 %, 16160 MiB, 16160 MiB, 0 MiB
0 %, 0 %, 16160 MiB, 16160 MiB, 0 MiB
0 %, 0 %, 16160 MiB, 16160 MiB, 0 MiB
0 %, 0 %, 16160 MiB, 16160 MiB, 0 MiB
0 %, 0 %, 16160 MiB, 16160 MiB, 0 MiB
0 %, 0 %, 16160 MiB, 16160 MiB, 0 MiB
0 %, 0 %, 16160 MiB, 16160 MiB, 0 MiB
0 %, 0 %, 16160 MiB, 16160 MiB, 0 MiB
0 %, 0 %, 16160 MiB, 16160 MiB, 0 MiB
0 %, 0 %, 16160 MiB, 16160 MiB, 0 MiB
0 %, 0 %, 16160 MiB, 16160 MiB, 0 MiB
0 %, 0 %, 16160 MiB, 16160 MiB, 0 MiB
0 %, 0 %, 16160 MiB, 16160 MiB, 0 MiB
0 %, 0 %, 16160 MiB, 16160 MiB, 0 MiB
0 %, 0 %, 16160 MiB, 16160 MiB, 0 MiB
0 %, 0 %, 16160 MiB, 16160 MiB, 0 MiB
0 %, 0 %, 16160 MiB, 16160 MiB, 0 MiB
0 %, 0 %, 16160 MiB, 16160 MiB, 0 MiB
0 %, 0 %, 16160 MiB, 16160 MiB, 0 MiB
0 %, 0 %, 16160 MiB, 16160 MiB, 0 MiB
0 %, 0 %, 16160 MiB, 16160 MiB, 0 MiB
0 %, 0 %, 16160 MiB, 16160 MiB, 0 MiB
0 %, 0 %, 16160 MiB, 16160 MiB, 0 MiB
0 %, 0 %, 16160 MiB, 16160 MiB, 0 MiB
0 %, 0 %, 16160 MiB, 16160 MiB, 0 MiB
0 %, 0 %, 16160 MiB, 16160 MiB, 0 MiB
0 %, 0 %, 16160 MiB, 16160 MiB, 0 MiB
0 %, 0 %, 16160 MiB, 16160 MiB, 0 MiB
0 %, 0 %, 16160 MiB, 16160 MiB, 0 MiB
0 %, 0 %, 16160 MiB, 16160 MiB, 0 MiB
0 %, 0 %, 16160 MiB, 16160 MiB, 0 MiB
0 %, 0 %, 16160 MiB, 16160 MiB, 0 MiB
0 %, 0 %, 16160 MiB, 16160 MiB, 0 MiB
0 %, 0 %, 16160 MiB, 16160 MiB, 0 MiB
0 %, 0 %, 16160 MiB, 16160 MiB, 0 MiB
0 %, 0 %, 16160 MiB, 16160 MiB, 0 MiB
0 %, 0 %, 16160 MiB, 16160 MiB, 0 MiB
0 %, 0 %, 16160 MiB, 16160 MiB, 0 MiB
0 %, 0 %, 16160 MiB, 16160 MiB, 0 MiB
0 %, 0 %, 16160 MiB, 16160 MiB, 0 MiB
0 %, 0 %, 16160 MiB, 16160 MiB, 0 MiB
0 %, 0 %, 16160 MiB, 16160 MiB, 0 MiB
0 %, 0 %, 16160 MiB, 16160 MiB, 0 MiB
0 %, 0 %, 16160 MiB, 16160 MiB, 0 MiB
0 %, 0 %, 16160 MiB, 16160 MiB, 0 MiB
0 %, 0 %, 16160 MiB, 16160 MiB, 0 MiB
0 %, 0 %, 16160 MiB, 16160 MiB, 0 MiB
0 %, 0 %, 16160 MiB, 16160 MiB, 0 MiB
0 %, 0 %, 16160 MiB, 16160 MiB, 0 MiB
0 %, 0 %, 16160 MiB, 16160 MiB, 0 MiB
0 %, 0 %, 16160 MiB, 16160 MiB, 0 MiB
0 %, 0 %, 16160 MiB, 16160 MiB, 0 MiB
0 %, 0 %, 16160 MiB, 16160 MiB, 0 MiB
0 %, 0 %, 16160 MiB, 16160 MiB, 0 MiB
0 %, 0 %, 16160 MiB, 16160 MiB, 0 MiB
0 %, 0 %, 16160 MiB, 16160 MiB, 0 MiB
0 %, 0 %, 16160 MiB, 16160 MiB, 0 MiB
0 %, 0 %, 16160 MiB, 16160 MiB, 0 MiB
0 %, 0 %, 16160 MiB, 16160 MiB, 0 MiB
0 %, 0 %, 16160 MiB, 16160 MiB, 0 MiB
0 %, 0 %, 16160 MiB, 16160 MiB, 0 MiB
0 %, 0 %, 16160 MiB, 16160 MiB, 0 MiB
0 %, 0 %, 16160 MiB, 16160 MiB, 0 MiB
0 %, 0 %, 16160 MiB, 16160 MiB, 0 MiB
0 %, 0 %, 16160 MiB, 16160 MiB, 0 MiB
0 %, 0 %, 16160 MiB, 16160 MiB, 0 MiB
0 %, 0 %, 16160 MiB, 16160 MiB, 0 MiB
0 %, 0 %, 16160 MiB, 16160 MiB, 0 MiB
0 %, 0 %, 16160 MiB, 16160 MiB, 0 MiB
0 %, 0 %, 16160 MiB, 16160 MiB, 0 MiB
0 %, 0 %, 16160 MiB, 16160 MiB, 0 MiB
0 %, 0 %, 16160 MiB, 16160 MiB, 0 MiB
0 %, 0 %, 16160 MiB, 16160 MiB, 0 MiB
0 %, 0 %, 16160 MiB, 16160 MiB, 0 MiB
0 %, 0 %, 16160 MiB, 16160 MiB, 0 MiB
0 %, 0 %, 16160 MiB, 16160 MiB, 0 MiB
0 %, 0 %, 16160 MiB, 16160 MiB, 0 MiB
0 %, 0 %, 16160 MiB, 16160 MiB, 0 MiB
0 %, 0 %, 16160 MiB, 16160 MiB, 0 MiB
0 %, 0 %, 16160 MiB, 16160 MiB, 0 MiB
0 %, 0 %, 16160 MiB, 16160 MiB, 0 MiB
0 %, 0 %, 16160 MiB, 16160 MiB, 0 MiB
0 %, 0 %, 16160 MiB, 16160 MiB, 0 MiB
0 %, 0 %, 16160 MiB, 16160 MiB, 0 MiB
0 %, 0 %, 16160 MiB, 16160 MiB, 0 MiB
0 %, 0 %, 16160 MiB, 16160 MiB, 0 MiB
0 %, 0 %, 16160 MiB, 16160 MiB, 0 MiB
0 %, 0 %, 16160 MiB, 16160 MiB, 0 MiB
0 %, 0 %, 16160 MiB, 16160 MiB, 0 MiB
0 %, 0 %, 16160 MiB, 16160 MiB, 0 MiB
0 %, 0 %, 16160 MiB, 16160 MiB, 0 MiB
0 %, 0 %, 16160 MiB, 16160 MiB, 0 MiB
0 %, 0 %, 16160 MiB, 16160 MiB, 0 MiB
0 %, 0 %, 16160 MiB, 16160 MiB, 0 MiB
0 %, 0 %, 16160 MiB, 16160 MiB, 0 MiB
0 %, 0 %, 16160 MiB, 16160 MiB, 0 MiB
0 %, 0 %, 16160 MiB, 16160 MiB, 0 MiB
0 %, 0 %, 16160 MiB, 16160 MiB, 0 MiB
0 %, 0 %, 16160 MiB, 16160 MiB, 0 MiB
0 %, 0 %, 16160 MiB, 16160 MiB, 0 MiB
0 %, 0 %, 16160 MiB, 16160 MiB, 0 MiB
0 %, 0 %, 16160 MiB, 16160 MiB, 0 MiB
0 %, 0 %, 16160 MiB, 16160 MiB, 0 MiB
0 %, 0 %, 16160 MiB, 16160 MiB, 0 MiB
0 %, 0 %, 16160 MiB, 16160 MiB, 0 MiB
0 %, 0 %, 16160 MiB, 16160 MiB, 0 MiB
0 %, 0 %, 16160 MiB, 16160 MiB, 0 MiB
0 %, 0 %, 16160 MiB, 16160 MiB, 0 MiB
0 %, 0 %, 16160 MiB, 16160 MiB, 0 MiB
0 %, 0 %, 16160 MiB, 16160 MiB, 0 MiB
0 %, 0 %, 16160 MiB, 16160 MiB, 0 MiB
0 %, 0 %, 16160 MiB, 16160 MiB, 0 MiB
0 %, 0 %, 16160 MiB, 16160 MiB, 0 MiB
0 %, 0 %, 16160 MiB, 16160 MiB, 0 MiB
0 %, 0 %, 16160 MiB, 16160 MiB, 0 MiB
0 %, 0 %, 16160 MiB, 16160 MiB, 0 MiB
0 %, 0 %, 16160 MiB, 16160 MiB, 0 MiB
0 %, 0 %, 16160 MiB, 16160 MiB, 0 MiB
0 %, 0 %, 16160 MiB, 16160 MiB, 0 MiB
0 %, 0 %, 16160 MiB, 16160 MiB, 0 MiB
0 %, 0 %, 16160 MiB, 16160 MiB, 0 MiB
0 %, 0 %, 16160 MiB, 16160 MiB, 0 MiB
0 %, 0 %, 16160 MiB, 16160 MiB, 0 MiB
0 %, 0 %, 16160 MiB, 16160 MiB, 0 MiB
0 %, 0 %, 16160 MiB, 16160 MiB, 0 MiB
0 %, 0 %, 16160 MiB, 16160 MiB, 0 MiB
0 %, 0 %, 16160 MiB, 16160 MiB, 0 MiB
0 %, 0 %, 16160 MiB, 16160 MiB, 0 MiB
0 %, 0 %, 16160 MiB, 16160 MiB, 0 MiB
0 %, 0 %, 16160 MiB, 16160 MiB, 0 MiB
0 %, 0 %, 16160 MiB, 16160 MiB, 0 MiB
0 %, 0 %, 16160 MiB, 16160 MiB, 0 MiB
0 %, 0 %, 16160 MiB, 16160 MiB, 0 MiB
0 %, 0 %, 16160 MiB, 16160 MiB, 0 MiB
0 %, 0 %, 16160 MiB, 16160 MiB, 0 MiB
0 %, 0 %, 16160 MiB, 16160 MiB, 0 MiB
0 %, 0 %, 16160 MiB, 16160 MiB, 0 MiB
0 %, 0 %, 16160 MiB, 16160 MiB, 0 MiB
0 %, 0 %, 16160 MiB, 16160 MiB, 0 MiB
0 %, 0 %, 16160 MiB, 16160 MiB, 0 MiB
0 %, 0 %, 16160 MiB, 16160 MiB, 0 MiB
0 %, 0 %, 16160 MiB, 16160 MiB, 0 MiB
0 %, 0 %, 16160 MiB, 16160 MiB, 0 MiB
0 %, 0 %, 16160 MiB, 16160 MiB, 0 MiB
0 %, 0 %, 16160 MiB, 16160 MiB, 0 MiB
0 %, 0 %, 16160 MiB, 16160 MiB, 0 MiB
0 %, 0 %, 16160 MiB, 16160 MiB, 0 MiB
0 %, 0 %, 16160 MiB, 16160 MiB, 0 MiB
0 %, 0 %, 16160 MiB, 16160 MiB, 0 MiB
0 %, 0 %, 16160 MiB, 16160 MiB, 0 MiB
0 %, 0 %, 16160 MiB, 16160 MiB, 0 MiB
0 %, 0 %, 16160 MiB, 16160 MiB, 0 MiB
0 %, 0 %, 16160 MiB, 16160 MiB, 0 MiB
0 %, 0 %, 16160 MiB, 16160 MiB, 0 MiB
0 %, 0 %, 16160 MiB, 16160 MiB, 0 MiB
0 %, 0 %, 16160 MiB, 16160 MiB, 0 MiB
0 %, 0 %, 16160 MiB, 16160 MiB, 0 MiB
0 %, 0 %, 16160 MiB, 16160 MiB, 0 MiB
0 %, 0 %, 16160 MiB, 16160 MiB, 0 MiB
0 %, 0 %, 16160 MiB, 16160 MiB, 0 MiB
0 %, 0 %, 16160 MiB, 16160 MiB, 0 MiB
0 %, 0 %, 16160 MiB, 16160 MiB, 0 MiB
0 %, 0 %, 16160 MiB, 16160 MiB, 0 MiB
0 %, 0 %, 16160 MiB, 16160 MiB, 0 MiB
0 %, 0 %, 16160 MiB, 16160 MiB, 0 MiB
0 %, 0 %, 16160 MiB, 16160 MiB, 0 MiB
0 %, 0 %, 16160 MiB, 16160 MiB, 0 MiB
0 %, 0 %, 16160 MiB, 16160 MiB, 0 MiB
0 %, 0 %, 16160 MiB, 16160 MiB, 0 MiB
0 %, 0 %, 16160 MiB, 16160 MiB, 0 MiB
0 %, 0 %, 16160 MiB, 16160 MiB, 0 MiB
0 %, 0 %, 16160 MiB, 16160 MiB, 0 MiB
0 %, 0 %, 16160 MiB, 16160 MiB, 0 MiB
0 %, 0 %, 16160 MiB, 16160 MiB, 0 MiB
0 %, 0 %, 16160 MiB, 16160 MiB, 0 MiB
0 %, 0 %, 16160 MiB, 16160 MiB, 0 MiB
0 %, 0 %, 16160 MiB, 16160 MiB, 0 MiB
0 %, 0 %, 16160 MiB, 16160 MiB, 0 MiB
0 %, 0 %, 16160 MiB, 16160 MiB, 0 MiB
0 %, 0 %, 16160 MiB, 16160 MiB, 0 MiB
0 %, 0 %, 16160 MiB, 16160 MiB, 0 MiB
0 %, 0 %, 16160 MiB, 16160 MiB, 0 MiB
0 %, 0 %, 16160 MiB, 16160 MiB, 0 MiB
0 %, 0 %, 16160 MiB, 16160 MiB, 0 MiB
0 %, 0 %, 16160 MiB, 16160 MiB, 0 MiB
0 %, 0 %, 16160 MiB, 16160 MiB, 0 MiB
0 %, 0 %, 16160 MiB, 16160 MiB, 0 MiB
0 %, 0 %, 16160 MiB, 16160 MiB, 0 MiB
0 %, 0 %, 16160 MiB, 16160 MiB, 0 MiB
0 %, 0 %, 16160 MiB, 16160 MiB, 0 MiB
0 %, 0 %, 16160 MiB, 16160 MiB, 0 MiB
0 %, 0 %, 16160 MiB, 16160 MiB, 0 MiB
0 %, 0 %, 16160 MiB, 16160 MiB, 0 MiB
0 %, 0 %, 16160 MiB, 16160 MiB, 0 MiB
0 %, 0 %, 16160 MiB, 16160 MiB, 0 MiB
0 %, 0 %, 16160 MiB, 16160 MiB, 0 MiB
0 %, 0 %, 16160 MiB, 16160 MiB, 0 MiB
0 %, 0 %, 16160 MiB, 16160 MiB, 0 MiB
0 %, 0 %, 16160 MiB, 16160 MiB, 0 MiB
0 %, 0 %, 16160 MiB, 16160 MiB, 0 MiB
0 %, 0 %, 16160 MiB, 16160 MiB, 0 MiB
0 %, 0 %, 16160 MiB, 16160 MiB, 0 MiB
0 %, 0 %, 16160 MiB, 16160 MiB, 0 MiB
0 %, 0 %, 16160 MiB, 16160 MiB, 0 MiB
0 %, 0 %, 16160 MiB, 16160 MiB, 0 MiB
0 %, 0 %, 16160 MiB, 16160 MiB, 0 MiB
0 %, 0 %, 16160 MiB, 16160 MiB, 0 MiB
0 %, 0 %, 16160 MiB, 16160 MiB, 0 MiB
0 %, 0 %, 16160 MiB, 16160 MiB, 0 MiB
0 %, 0 %, 16160 MiB, 16160 MiB, 0 MiB
0 %, 0 %, 16160 MiB, 16160 MiB, 0 MiB
0 %, 0 %, 16160 MiB, 16160 MiB, 0 MiB
0 %, 0 %, 16160 MiB, 16160 MiB, 0 MiB
0 %, 0 %, 16160 MiB, 16160 MiB, 0 MiB
0 %, 0 %, 16160 MiB, 16160 MiB, 0 MiB
0 %, 0 %, 16160 MiB, 16160 MiB, 0 MiB
0 %, 0 %, 16160 MiB, 16160 MiB, 0 MiB
0 %, 0 %, 16160 MiB, 16160 MiB, 0 MiB
0 %, 0 %, 16160 MiB, 16160 MiB, 0 MiB
0 %, 0 %, 16160 MiB, 16160 MiB, 0 MiB
0 %, 0 %, 16160 MiB, 16160 MiB, 0 MiB
0 %, 0 %, 16160 MiB, 16160 MiB, 0 MiB
0 %, 0 %, 16160 MiB, 16160 MiB, 0 MiB
0 %, 0 %, 16160 MiB, 16160 MiB, 0 MiB
0 %, 0 %, 16160 MiB, 16160 MiB, 0 MiB
0 %, 0 %, 16160 MiB, 16160 MiB, 0 MiB
0 %, 0 %, 16160 MiB, 16160 MiB, 0 MiB
0 %, 0 %, 16160 MiB, 16160 MiB, 0 MiB
0 %, 0 %, 16160 MiB, 16160 MiB, 0 MiB
0 %, 0 %, 16160 MiB, 16160 MiB, 0 MiB
0 %, 0 %, 16160 MiB, 16160 MiB, 0 MiB
0 %, 0 %, 16160 MiB, 16160 MiB, 0 MiB
0 %, 0 %, 16160 MiB, 16160 MiB, 0 MiB
0 %, 0 %, 16160 MiB, 16160 MiB, 0 MiB
0 %, 0 %, 16160 MiB, 16160 MiB, 0 MiB
0 %, 0 %, 16160 MiB, 16160 MiB, 0 MiB
0 %, 0 %, 16160 MiB, 16160 MiB, 0 MiB
0 %, 0 %, 16160 MiB, 16160 MiB, 0 MiB
0 %, 0 %, 16160 MiB, 16160 MiB, 0 MiB
0 %, 0 %, 16160 MiB, 16160 MiB, 0 MiB
0 %, 0 %, 16160 MiB, 16160 MiB, 0 MiB
0 %, 0 %, 16160 MiB, 16160 MiB, 0 MiB
0 %, 0 %, 16160 MiB, 16160 MiB, 0 MiB
0 %, 0 %, 16160 MiB, 16160 MiB, 0 MiB
0 %, 0 %, 16160 MiB, 16160 MiB, 0 MiB
0 %, 0 %, 16160 MiB, 16160 MiB, 0 MiB
0 %, 0 %, 16160 MiB, 16160 MiB, 0 MiB
0 %, 0 %, 16160 MiB, 16160 MiB, 0 MiB
0 %, 0 %, 16160 MiB, 16160 MiB, 0 MiB
0 %, 0 %, 16160 MiB, 16160 MiB, 0 MiB
0 %, 0 %, 16160 MiB, 16160 MiB, 0 MiB
0 %, 0 %, 16160 MiB, 16160 MiB, 0 MiB
0 %, 0 %, 16160 MiB, 16160 MiB, 0 MiB
0 %, 0 %, 16160 MiB, 16160 MiB, 0 MiB
0 %, 0 %, 16160 MiB, 16160 MiB, 0 MiB
0 %, 0 %, 16160 MiB, 16160 MiB, 0 MiB
0 %, 0 %, 16160 MiB, 16160 MiB, 0 MiB
0 %, 0 %, 16160 MiB, 16160 MiB, 0 MiB
0 %, 0 %, 16160 MiB, 16160 MiB, 0 MiB
0 %, 0 %, 16160 MiB, 16160 MiB, 0 MiB
0 %, 0 %, 16160 MiB, 16160 MiB, 0 MiB
0 %, 0 %, 16160 MiB, 16160 MiB, 0 MiB
0 %, 0 %, 16160 MiB, 16160 MiB, 0 MiB
0 %, 0 %, 16160 MiB, 16160 MiB, 0 MiB
0 %, 0 %, 16160 MiB, 16160 MiB, 0 MiB
0 %, 0 %, 16160 MiB, 16160 MiB, 0 MiB
0 %, 0 %, 16160 MiB, 16160 MiB, 0 MiB
0 %, 0 %, 16160 MiB, 16160 MiB, 0 MiB
0 %, 0 %, 16160 MiB, 16160 MiB, 0 MiB
0 %, 0 %, 16160 MiB, 16160 MiB, 0 MiB
0 %, 0 %, 16160 MiB, 16160 MiB, 0 MiB
0 %, 0 %, 16160 MiB, 16160 MiB, 0 MiB
0 %, 0 %, 16160 MiB, 16160 MiB, 0 MiB
0 %, 0 %, 16160 MiB, 16160 MiB, 0 MiB
0 %, 0 %, 16160 MiB, 16160 MiB, 0 MiB
0 %, 0 %, 16160 MiB, 16160 MiB, 0 MiB
0 %, 0 %, 16160 MiB, 16160 MiB, 0 MiB
0 %, 0 %, 16160 MiB, 16160 MiB, 0 MiB
0 %, 0 %, 16160 MiB, 16160 MiB, 0 MiB
0 %, 0 %, 16160 MiB, 16160 MiB, 0 MiB
0 %, 0 %, 16160 MiB, 16160 MiB, 0 MiB
0 %, 0 %, 16160 MiB, 16160 MiB, 0 MiB
0 %, 0 %, 16160 MiB, 16160 MiB, 0 MiB
0 %, 0 %, 16160 MiB, 16160 MiB, 0 MiB
0 %, 0 %, 16160 MiB, 16160 MiB, 0 MiB
0 %, 0 %, 16160 MiB, 16160 MiB, 0 MiB
0 %, 0 %, 16160 MiB, 16160 MiB, 0 MiB
0 %, 0 %, 16160 MiB, 16160 MiB, 0 MiB
0 %, 0 %, 16160 MiB, 16160 MiB, 0 MiB
0 %, 0 %, 16160 MiB, 16160 MiB, 0 MiB
0 %, 0 %, 16160 MiB, 16160 MiB, 0 MiB
0 %, 0 %, 16160 MiB, 16160 MiB, 0 MiB
0 %, 0 %, 16160 MiB, 16160 MiB, 0 MiB
0 %, 0 %, 16160 MiB, 16160 MiB, 0 MiB
0 %, 0 %, 16160 MiB, 16160 MiB, 0 MiB
0 %, 0 %, 16160 MiB, 16160 MiB, 0 MiB
0 %, 0 %, 16160 MiB, 16160 MiB, 0 MiB
0 %, 0 %, 16160 MiB, 16160 MiB, 0 MiB
0 %, 0 %, 16160 MiB, 16160 MiB, 0 MiB
0 %, 0 %, 16160 MiB, 16160 MiB, 0 MiB
0 %, 0 %, 16160 MiB, 16160 MiB, 0 MiB
0 %, 0 %, 16160 MiB, 16160 MiB, 0 MiB
0 %, 0 %, 16160 MiB, 16160 MiB, 0 MiB
0 %, 0 %, 16160 MiB, 16160 MiB, 0 MiB
0 %, 0 %, 16160 MiB, 16160 MiB, 0 MiB
0 %, 0 %, 16160 MiB, 16160 MiB, 0 MiB
0 %, 0 %, 16160 MiB, 16160 MiB, 0 MiB
0 %, 0 %, 16160 MiB, 16160 MiB, 0 MiB
0 %, 0 %, 16160 MiB, 16160 MiB, 0 MiB
0 %, 0 %, 16160 MiB, 16160 MiB, 0 MiB
0 %, 0 %, 16160 MiB, 16160 MiB, 0 MiB
0 %, 0 %, 16160 MiB, 16160 MiB, 0 MiB
0 %, 0 %, 16160 MiB, 16160 MiB, 0 MiB
0 %, 0 %, 16160 MiB, 16160 MiB, 0 MiB
0 %, 0 %, 16160 MiB, 16160 MiB, 0 MiB
0 %, 0 %, 16160 MiB, 16160 MiB, 0 MiB
0 %, 0 %, 16160 MiB, 16160 MiB, 0 MiB
0 %, 0 %, 16160 MiB, 16160 MiB, 0 MiB
0 %, 0 %, 16160 MiB, 16160 MiB, 0 MiB
0 %, 0 %, 16160 MiB, 16160 MiB, 0 MiB
0 %, 0 %, 16160 MiB, 16160 MiB, 0 MiB
0 %, 0 %, 16160 MiB, 16160 MiB, 0 MiB
0 %, 0 %, 16160 MiB, 16160 MiB, 0 MiB
0 %, 0 %, 16160 MiB, 16160 MiB, 0 MiB
0 %, 0 %, 16160 MiB, 16160 MiB, 0 MiB
0 %, 0 %, 16160 MiB, 16160 MiB, 0 MiB
0 %, 0 %, 16160 MiB, 16160 MiB, 0 MiB
0 %, 0 %, 16160 MiB, 16160 MiB, 0 MiB
0 %, 0 %, 16160 MiB, 16160 MiB, 0 MiB
0 %, 0 %, 16160 MiB, 16160 MiB, 0 MiB
0 %, 0 %, 16160 MiB, 16160 MiB, 0 MiB
0 %, 0 %, 16160 MiB, 16160 MiB, 0 MiB
0 %, 0 %, 16160 MiB, 16160 MiB, 0 MiB
0 %, 0 %, 16160 MiB, 16160 MiB, 0 MiB
0 %, 0 %, 16160 MiB, 16160 MiB, 0 MiB
0 %, 0 %, 16160 MiB, 16160 MiB, 0 MiB
0 %, 0 %, 16160 MiB, 16160 MiB, 0 MiB
0 %, 0 %, 16160 MiB, 16160 MiB, 0 MiB
0 %, 0 %, 16160 MiB, 16160 MiB, 0 MiB
0 %, 0 %, 16160 MiB, 16160 MiB, 0 MiB
0 %, 0 %, 16160 MiB, 16160 MiB, 0 MiB
0 %, 0 %, 16160 MiB, 16160 MiB, 0 MiB
0 %, 0 %, 16160 MiB, 16160 MiB, 0 MiB
0 %, 0 %, 16160 MiB, 16160 MiB, 0 MiB
0 %, 0 %, 16160 MiB, 16160 MiB, 0 MiB
0 %, 0 %, 16160 MiB, 16160 MiB, 0 MiB
0 %, 0 %, 16160 MiB, 16160 MiB, 0 MiB
0 %, 0 %, 16160 MiB, 16160 MiB, 0 MiB
0 %, 0 %, 16160 MiB, 16160 MiB, 0 MiB
0 %, 0 %, 16160 MiB, 16160 MiB, 0 MiB
0 %, 0 %, 16160 MiB, 16160 MiB, 0 MiB
0 %, 0 %, 16160 MiB, 16160 MiB, 0 MiB
0 %, 0 %, 16160 MiB, 16160 MiB, 0 MiB
0 %, 0 %, 16160 MiB, 16160 MiB, 0 MiB
0 %, 0 %, 16160 MiB, 16160 MiB, 0 MiB
0 %, 0 %, 16160 MiB, 16160 MiB, 0 MiB
0 %, 0 %, 16160 MiB, 16160 MiB, 0 MiB
0 %, 0 %, 16160 MiB, 16160 MiB, 0 MiB
0 %, 0 %, 16160 MiB, 16160 MiB, 0 MiB
0 %, 0 %, 16160 MiB, 16160 MiB, 0 MiB
0 %, 0 %, 16160 MiB, 16160 MiB, 0 MiB
0 %, 0 %, 16160 MiB, 16160 MiB, 0 MiB
0 %, 0 %, 16160 MiB, 16160 MiB, 0 MiB
0 %, 0 %, 16160 MiB, 16160 MiB, 0 MiB
0 %, 0 %, 16160 MiB, 16160 MiB, 0 MiB
0 %, 0 %, 16160 MiB, 16160 MiB, 0 MiB
0 %, 0 %, 16160 MiB, 16160 MiB, 0 MiB
0 %, 0 %, 16160 MiB, 16160 MiB, 0 MiB
0 %, 0 %, 16160 MiB, 16160 MiB, 0 MiB
0 %, 0 %, 16160 MiB, 16160 MiB, 0 MiB
0 %, 0 %, 16160 MiB, 16160 MiB, 0 MiB
0 %, 0 %, 16160 MiB, 16160 MiB, 0 MiB
0 %, 0 %, 16160 MiB, 16160 MiB, 0 MiB
0 %, 0 %, 16160 MiB, 16160 MiB, 0 MiB
0 %, 0 %, 16160 MiB, 16160 MiB, 0 MiB
0 %, 0 %, 16160 MiB, 16160 MiB, 0 MiB
0 %, 0 %, 16160 MiB, 16160 MiB, 0 MiB
0 %, 0 %, 16160 MiB, 16160 MiB, 0 MiB
0 %, 0 %, 16160 MiB, 16160 MiB, 0 MiB
0 %, 0 %, 16160 MiB, 16160 MiB, 0 MiB
0 %, 0 %, 16160 MiB, 16160 MiB, 0 MiB
0 %, 0 %, 16160 MiB, 16160 MiB, 0 MiB
0 %, 0 %, 16160 MiB, 16160 MiB, 0 MiB
0 %, 0 %, 16160 MiB, 16160 MiB, 0 MiB
0 %, 0 %, 16160 MiB, 16160 MiB, 0 MiB
0 %, 0 %, 16160 MiB, 16160 MiB, 0 MiB
0 %, 0 %, 16160 MiB, 16160 MiB, 0 MiB
0 %, 0 %, 16160 MiB, 16160 MiB, 0 MiB
0 %, 0 %, 16160 MiB, 16160 MiB, 0 MiB
0 %, 0 %, 16160 MiB, 16160 MiB, 0 MiB
0 %, 0 %, 16160 MiB, 16160 MiB, 0 MiB
0 %, 0 %, 16160 MiB, 16160 MiB, 0 MiB
0 %, 0 %, 16160 MiB, 16160 MiB, 0 MiB
0 %, 0 %, 16160 MiB, 16160 MiB, 0 MiB
0 %, 0 %, 16160 MiB, 16160 MiB, 0 MiB
0 %, 0 %, 16160 MiB, 16160 MiB, 0 MiB
0 %, 0 %, 16160 MiB, 16160 MiB, 0 MiB
0 %, 0 %, 16160 MiB, 16160 MiB, 0 MiB
0 %, 0 %, 16160 MiB, 16160 MiB, 0 MiB
0 %, 0 %, 16160 MiB, 16160 MiB, 0 MiB
0 %, 0 %, 16160 MiB, 16160 MiB, 0 MiB
0 %, 0 %, 16160 MiB, 16160 MiB, 0 MiB
0 %, 0 %, 16160 MiB, 16160 MiB, 0 MiB
0 %, 0 %, 16160 MiB, 16160 MiB, 0 MiB
0 %, 0 %, 16160 MiB, 16160 MiB, 0 MiB
0 %, 0 %, 16160 MiB, 16160 MiB, 0 MiB
0 %, 0 %, 16160 MiB, 16160 MiB, 0 MiB
0 %, 0 %, 16160 MiB, 16160 MiB, 0 MiB
0 %, 0 %, 16160 MiB, 16160 MiB, 0 MiB
0 %, 0 %, 16160 MiB, 16160 MiB, 0 MiB
0 %, 0 %, 16160 MiB, 16160 MiB, 0 MiB
0 %, 0 %, 16160 MiB, 16160 MiB, 0 MiB
0 %, 0 %, 16160 MiB, 16160 MiB, 0 MiB
0 %, 0 %, 16160 MiB, 16160 MiB, 0 MiB
0 %, 0 %, 16160 MiB, 16160 MiB, 0 MiB
0 %, 0 %, 16160 MiB, 16160 MiB, 0 MiB
0 %, 0 %, 16160 MiB, 16160 MiB, 0 MiB
0 %, 0 %, 16160 MiB, 16160 MiB, 0 MiB
0 %, 0 %, 16160 MiB, 16160 MiB, 0 MiB
0 %, 0 %, 16160 MiB, 16160 MiB, 0 MiB
0 %, 0 %, 16160 MiB, 16160 MiB, 0 MiB
0 %, 0 %, 16160 MiB, 16160 MiB, 0 MiB
0 %, 0 %, 16160 MiB, 16160 MiB, 0 MiB
0 %, 0 %, 16160 MiB, 16160 MiB, 0 MiB
0 %, 0 %, 16160 MiB, 16160 MiB, 0 MiB
0 %, 0 %, 16160 MiB, 16160 MiB, 0 MiB
0 %, 0 %, 16160 MiB, 16160 MiB, 0 MiB
0 %, 0 %, 16160 MiB, 16160 MiB, 0 MiB
0 %, 0 %, 16160 MiB, 16160 MiB, 0 MiB
0 %, 0 %, 16160 MiB, 16160 MiB, 0 MiB
0 %, 0 %, 16160 MiB, 16160 MiB, 0 MiB
0 %, 0 %, 16160 MiB, 16160 MiB, 0 MiB
0 %, 0 %, 16160 MiB, 16160 MiB, 0 MiB
0 %, 0 %, 16160 MiB, 16160 MiB, 0 MiB
0 %, 0 %, 16160 MiB, 16160 MiB, 0 MiB
0 %, 0 %, 16160 MiB, 16160 MiB, 0 MiB
0 %, 0 %, 16160 MiB, 16160 MiB, 0 MiB
0 %, 0 %, 16160 MiB, 16160 MiB, 0 MiB
0 %, 0 %, 16160 MiB, 16160 MiB, 0 MiB
0 %, 0 %, 16160 MiB, 16160 MiB, 0 MiB
0 %, 0 %, 16160 MiB, 16160 MiB, 0 MiB
0 %, 0 %, 16160 MiB, 16160 MiB, 0 MiB
0 %, 0 %, 16160 MiB, 16160 MiB, 0 MiB
0 %, 0 %, 16160 MiB, 16160 MiB, 0 MiB
0 %, 0 %, 16160 MiB, 16160 MiB, 0 MiB
0 %, 0 %, 16160 MiB, 16160 MiB, 0 MiB
0 %, 0 %, 16160 MiB, 16160 MiB, 0 MiB
0 %, 0 %, 16160 MiB, 16160 MiB, 0 MiB
0 %, 0 %, 16160 MiB, 16160 MiB, 0 MiB
0 %, 0 %, 16160 MiB, 16160 MiB, 0 MiB
0 %, 0 %, 16160 MiB, 16160 MiB, 0 MiB
0 %, 0 %, 16160 MiB, 16160 MiB, 0 MiB
0 %, 0 %, 16160 MiB, 16160 MiB, 0 MiB
0 %, 0 %, 16160 MiB, 16160 MiB, 0 MiB
0 %, 0 %, 16160 MiB, 16160 MiB, 0 MiB
0 %, 0 %, 16160 MiB, 16160 MiB, 0 MiB
0 %, 0 %, 16160 MiB, 16160 MiB, 0 MiB
0 %, 0 %, 16160 MiB, 16160 MiB, 0 MiB
0 %, 0 %, 16160 MiB, 16160 MiB, 0 MiB
0 %, 0 %, 16160 MiB, 16160 MiB, 0 MiB
0 %, 0 %, 16160 MiB, 16160 MiB, 0 MiB
0 %, 0 %, 16160 MiB, 16160 MiB, 0 MiB
0 %, 0 %, 16160 MiB, 16160 MiB, 0 MiB
0 %, 0 %, 16160 MiB, 16160 MiB, 0 MiB
0 %, 0 %, 16160 MiB, 16160 MiB, 0 MiB
0 %, 0 %, 16160 MiB, 16160 MiB, 0 MiB
0 %, 0 %, 16160 MiB, 16160 MiB, 0 MiB
0 %, 0 %, 16160 MiB, 16160 MiB, 0 MiB
0 %, 0 %, 16160 MiB, 16160 MiB, 0 MiB
0 %, 0 %, 16160 MiB, 16160 MiB, 0 MiB
0 %, 0 %, 16160 MiB, 16160 MiB, 0 MiB
0 %, 0 %, 16160 MiB, 16160 MiB, 0 MiB
0 %, 0 %, 16160 MiB, 16160 MiB, 0 MiB
0 %, 0 %, 16160 MiB, 16160 MiB, 0 MiB
0 %, 0 %, 16160 MiB, 16160 MiB, 0 MiB
0 %, 0 %, 16160 MiB, 16160 MiB, 0 MiB
0 %, 0 %, 16160 MiB, 16160 MiB, 0 MiB
0 %, 0 %, 16160 MiB, 16160 MiB, 0 MiB
0 %, 0 %, 16160 MiB, 16160 MiB, 0 MiB
0 %, 0 %, 16160 MiB, 16160 MiB, 0 MiB
0 %, 0 %, 16160 MiB, 16160 MiB, 0 MiB
0 %, 0 %, 16160 MiB, 16160 MiB, 0 MiB
0 %, 0 %, 16160 MiB, 16160 MiB, 0 MiB
0 %, 0 %, 16160 MiB, 16160 MiB, 0 MiB
0 %, 0 %, 16160 MiB, 16160 MiB, 0 MiB
0 %, 0 %, 16160 MiB, 16160 MiB, 0 MiB
0 %, 0 %, 16160 MiB, 16160 MiB, 0 MiB
0 %, 0 %, 16160 MiB, 16160 MiB, 0 MiB
0 %, 0 %, 16160 MiB, 16160 MiB, 0 MiB
0 %, 0 %, 16160 MiB, 16160 MiB, 0 MiB
0 %, 0 %, 16160 MiB, 16160 MiB, 0 MiB
0 %, 0 %, 16160 MiB, 16160 MiB, 0 MiB
0 %, 0 %, 16160 MiB, 16160 MiB, 0 MiB
0 %, 0 %, 16160 MiB, 16160 MiB, 0 MiB
0 %, 0 %, 16160 MiB, 16160 MiB, 0 MiB
0 %, 0 %, 16160 MiB, 16160 MiB, 0 MiB
0 %, 0 %, 16160 MiB, 16160 MiB, 0 MiB
0 %, 0 %, 16160 MiB, 16160 MiB, 0 MiB
0 %, 0 %, 16160 MiB, 16160 MiB, 0 MiB
0 %, 0 %, 16160 MiB, 16160 MiB, 0 MiB
0 %, 0 %, 16160 MiB, 16160 MiB, 0 MiB
0 %, 0 %, 16160 MiB, 16160 MiB, 0 MiB
0 %, 0 %, 16160 MiB, 16160 MiB, 0 MiB
0 %, 0 %, 16160 MiB, 16160 MiB, 0 MiB
0 %, 0 %, 16160 MiB, 16160 MiB, 0 MiB
0 %, 0 %, 16160 MiB, 16160 MiB, 0 MiB
0 %, 0 %, 16160 MiB, 16160 MiB, 0 MiB
0 %, 0 %, 16160 MiB, 16160 MiB, 0 MiB
0 %, 0 %, 16160 MiB, 16160 MiB, 0 MiB
0 %, 0 %, 16160 MiB, 16160 MiB, 0 MiB
0 %, 0 %, 16160 MiB, 16160 MiB, 0 MiB
0 %, 0 %, 16160 MiB, 16160 MiB, 0 MiB
0 %, 0 %, 16160 MiB, 16160 MiB, 0 MiB
0 %, 0 %, 16160 MiB, 16160 MiB, 0 MiB
0 %, 0 %, 16160 MiB, 16160 MiB, 0 MiB
0 %, 0 %, 16160 MiB, 16160 MiB, 0 MiB
0 %, 0 %, 16160 MiB, 16160 MiB, 0 MiB
0 %, 0 %, 16160 MiB, 16160 MiB, 0 MiB
0 %, 0 %, 16160 MiB, 16160 MiB, 0 MiB
0 %, 0 %, 16160 MiB, 16160 MiB, 0 MiB
0 %, 0 %, 16160 MiB, 16160 MiB, 0 MiB
0 %, 0 %, 16160 MiB, 16160 MiB, 0 MiB
0 %, 0 %, 16160 MiB, 16160 MiB, 0 MiB
0 %, 0 %, 16160 MiB, 16160 MiB, 0 MiB
0 %, 0 %, 16160 MiB, 16160 MiB, 0 MiB
0 %, 0 %, 16160 MiB, 16160 MiB, 0 MiB
0 %, 0 %, 16160 MiB, 16160 MiB, 0 MiB
0 %, 0 %, 16160 MiB, 16160 MiB, 0 MiB
0 %, 0 %, 16160 MiB, 16160 MiB, 0 MiB
0 %, 0 %, 16160 MiB, 16160 MiB, 0 MiB
0 %, 0 %, 16160 MiB, 16160 MiB, 0 MiB
0 %, 0 %, 16160 MiB, 16160 MiB, 0 MiB
0 %, 0 %, 16160 MiB, 16160 MiB, 0 MiB
0 %, 0 %, 16160 MiB, 16160 MiB, 0 MiB
0 %, 0 %, 16160 MiB, 16160 MiB, 0 MiB
0 %, 0 %, 16160 MiB, 16160 MiB, 0 MiB
0 %, 0 %, 16160 MiB, 16160 MiB, 0 MiB
0 %, 0 %, 16160 MiB, 16160 MiB, 0 MiB
0 %, 0 %, 16160 MiB, 16160 MiB, 0 MiB
0 %, 0 %, 16160 MiB, 16160 MiB, 0 MiB
0 %, 0 %, 16160 MiB, 16160 MiB, 0 MiB
0 %, 0 %, 16160 MiB, 16160 MiB, 0 MiB
0 %, 0 %, 16160 MiB, 16160 MiB, 0 MiB
0 %, 0 %, 16160 MiB, 16160 MiB, 0 MiB
0 %, 0 %, 16160 MiB, 16160 MiB, 0 MiB
0 %, 0 %, 16160 MiB, 16160 MiB, 0 MiB
0 %, 0 %, 16160 MiB, 16160 MiB, 0 MiB
0 %, 0 %, 16160 MiB, 16160 MiB, 0 MiB
0 %, 0 %, 16160 MiB, 16160 MiB, 0 MiB
0 %, 0 %, 16160 MiB, 16160 MiB, 0 MiB
0 %, 0 %, 16160 MiB, 16160 MiB, 0 MiB
0 %, 0 %, 16160 MiB, 16160 MiB, 0 MiB
0 %, 0 %, 16160 MiB, 16160 MiB, 0 MiB
0 %, 0 %, 16160 MiB, 16160 MiB, 0 MiB
0 %, 0 %, 16160 MiB, 16160 MiB, 0 MiB
0 %, 0 %, 16160 MiB, 16160 MiB, 0 MiB
0 %, 0 %, 16160 MiB, 16160 MiB, 0 MiB
0 %, 0 %, 16160 MiB, 16160 MiB, 0 MiB
0 %, 0 %, 16160 MiB, 16160 MiB, 0 MiB
0 %, 0 %, 16160 MiB, 16160 MiB, 0 MiB
0 %, 0 %, 16160 MiB, 16160 MiB, 0 MiB
0 %, 0 %, 16160 MiB, 16160 MiB, 0 MiB
0 %, 0 %, 16160 MiB, 16160 MiB, 0 MiB
0 %, 0 %, 16160 MiB, 16160 MiB, 0 MiB
0 %, 0 %, 16160 MiB, 16160 MiB, 0 MiB
0 %, 0 %, 16160 MiB, 16160 MiB, 0 MiB
0 %, 0 %, 16160 MiB, 16160 MiB, 0 MiB
0 %, 0 %, 16160 MiB, 16160 MiB, 0 MiB
0 %, 0 %, 16160 MiB, 16160 MiB, 0 MiB
0 %, 0 %, 16160 MiB, 16160 MiB, 0 MiB
0 %, 0 %, 16160 MiB, 16160 MiB, 0 MiB
0 %, 0 %, 16160 MiB, 16160 MiB, 0 MiB
0 %, 0 %, 16160 MiB, 16160 MiB, 0 MiB
0 %, 0 %, 16160 MiB, 16160 MiB, 0 MiB
0 %, 0 %, 16160 MiB, 16160 MiB, 0 MiB
0 %, 0 %, 16160 MiB, 16160 MiB, 0 MiB
0 %, 0 %, 16160 MiB, 16160 MiB, 0 MiB
0 %, 0 %, 16160 MiB, 16160 MiB, 0 MiB
0 %, 0 %, 16160 MiB, 16160 MiB, 0 MiB
0 %, 0 %, 16160 MiB, 16160 MiB, 0 MiB
0 %, 0 %, 16160 MiB, 16160 MiB, 0 MiB
0 %, 0 %, 16160 MiB, 16160 MiB, 0 MiB
0 %, 0 %, 16160 MiB, 16160 MiB, 0 MiB
0 %, 0 %, 16160 MiB, 16160 MiB, 0 MiB
0 %, 0 %, 16160 MiB, 16160 MiB, 0 MiB
0 %, 0 %, 16160 MiB, 16160 MiB, 0 MiB
0 %, 0 %, 16160 MiB, 16160 MiB, 0 MiB
0 %, 0 %, 16160 MiB, 16160 MiB, 0 MiB
0 %, 0 %, 16160 MiB, 16160 MiB, 0 MiB
0 %, 0 %, 16160 MiB, 16160 MiB, 0 MiB
0 %, 0 %, 16160 MiB, 16160 MiB, 0 MiB
0 %, 0 %, 16160 MiB, 16160 MiB, 0 MiB
0 %, 0 %, 16160 MiB, 16160 MiB, 0 MiB
0 %, 0 %, 16160 MiB, 16160 MiB, 0 MiB
0 %, 0 %, 16160 MiB, 16160 MiB, 0 MiB
0 %, 0 %, 16160 MiB, 16160 MiB, 0 MiB
0 %, 0 %, 16160 MiB, 16160 MiB, 0 MiB
0 %, 0 %, 16160 MiB, 16160 MiB, 0 MiB
0 %, 0 %, 16160 MiB, 16160 MiB, 0 MiB
0 %, 0 %, 16160 MiB, 16160 MiB, 0 MiB
0 %, 0 %, 16160 MiB, 16160 MiB, 0 MiB
0 %, 0 %, 16160 MiB, 16160 MiB, 0 MiB
0 %, 0 %, 16160 MiB, 16160 MiB, 0 MiB
0 %, 0 %, 16160 MiB, 16160 MiB, 0 MiB
0 %, 0 %, 16160 MiB, 16160 MiB, 0 MiB
0 %, 0 %, 16160 MiB, 16160 MiB, 0 MiB
0 %, 0 %, 16160 MiB, 16160 MiB, 0 MiB
0 %, 0 %, 16160 MiB, 16160 MiB, 0 MiB
0 %, 0 %, 16160 MiB, 16160 MiB, 0 MiB
0 %, 0 %, 16160 MiB, 16160 MiB, 0 MiB
0 %, 0 %, 16160 MiB, 16160 MiB, 0 MiB
0 %, 0 %, 16160 MiB, 16160 MiB, 0 MiB
0 %, 0 %, 16160 MiB, 16160 MiB, 0 MiB
0 %, 0 %, 16160 MiB, 16160 MiB, 0 MiB
0 %, 0 %, 16160 MiB, 16160 MiB, 0 MiB
0 %, 0 %, 16160 MiB, 16160 MiB, 0 MiB
0 %, 0 %, 16160 MiB, 16160 MiB, 0 MiB
0 %, 0 %, 16160 MiB, 16160 MiB, 0 MiB
0 %, 0 %, 16160 MiB, 16160 MiB, 0 MiB
0 %, 0 %, 16160 MiB, 16160 MiB, 0 MiB
0 %, 0 %, 16160 MiB, 16160 MiB, 0 MiB
0 %, 0 %, 16160 MiB, 16160 MiB, 0 MiB
0 %, 0 %, 16160 MiB, 16160 MiB, 0 MiB
0 %, 0 %, 16160 MiB, 16160 MiB, 0 MiB
0 %, 0 %, 16160 MiB, 16160 MiB, 0 MiB
0 %, 0 %, 16160 MiB, 16160 MiB, 0 MiB
0 %, 0 %, 16160 MiB, 16160 MiB, 0 MiB
0 %, 0 %, 16160 MiB, 16160 MiB, 0 MiB
0 %, 0 %, 16160 MiB, 16160 MiB, 0 MiB
0 %, 0 %, 16160 MiB, 16160 MiB, 0 MiB
0 %, 0 %, 16160 MiB, 16160 MiB, 0 MiB
0 %, 0 %, 16160 MiB, 16160 MiB, 0 MiB
0 %, 0 %, 16160 MiB, 16160 MiB, 0 MiB
0 %, 0 %, 16160 MiB, 16160 MiB, 0 MiB
0 %, 0 %, 16160 MiB, 16160 MiB, 0 MiB
0 %, 0 %, 16160 MiB, 16160 MiB, 0 MiB
0 %, 0 %, 16160 MiB, 16160 MiB, 0 MiB
0 %, 0 %, 16160 MiB, 16160 MiB, 0 MiB
0 %, 0 %, 16160 MiB, 16160 MiB, 0 MiB
0 %, 0 %, 16160 MiB, 16160 MiB, 0 MiB
0 %, 0 %, 16160 MiB, 16160 MiB, 0 MiB
0 %, 0 %, 16160 MiB, 16160 MiB, 0 MiB
0 %, 0 %, 16160 MiB, 16160 MiB, 0 MiB
0 %, 0 %, 16160 MiB, 16160 MiB, 0 MiB
0 %, 0 %, 16160 MiB, 16160 MiB, 0 MiB
0 %, 0 %, 16160 MiB, 16160 MiB, 0 MiB
0 %, 0 %, 16160 MiB, 16160 MiB, 0 MiB
0 %, 0 %, 16160 MiB, 16160 MiB, 0 MiB
0 %, 0 %, 16160 MiB, 16160 MiB, 0 MiB
0 %, 0 %, 16160 MiB, 16160 MiB, 0 MiB
0 %, 0 %, 16160 MiB, 16160 MiB, 0 MiB
0 %, 0 %, 16160 MiB, 16160 MiB, 0 MiB
0 %, 0 %, 16160 MiB, 16160 MiB, 0 MiB
0 %, 0 %, 16160 MiB, 16160 MiB, 0 MiB
0 %, 0 %, 16160 MiB, 16160 MiB, 0 MiB
0 %, 0 %, 16160 MiB, 16160 MiB, 0 MiB
0 %, 0 %, 16160 MiB, 16160 MiB, 0 MiB
0 %, 0 %, 16160 MiB, 16160 MiB, 0 MiB
0 %, 0 %, 16160 MiB, 16160 MiB, 0 MiB
0 %, 0 %, 16160 MiB, 16160 MiB, 0 MiB
0 %, 0 %, 16160 MiB, 16160 MiB, 0 MiB
0 %, 0 %, 16160 MiB, 16160 MiB, 0 MiB
0 %, 0 %, 16160 MiB, 16160 MiB, 0 MiB
0 %, 0 %, 16160 MiB, 16160 MiB, 0 MiB
0 %, 0 %, 16160 MiB, 16160 MiB, 0 MiB
0 %, 0 %, 16160 MiB, 16160 MiB, 0 MiB
0 %, 0 %, 16160 MiB, 16160 MiB, 0 MiB
0 %, 0 %, 16160 MiB, 16160 MiB, 0 MiB
0 %, 0 %, 16160 MiB, 16160 MiB, 0 MiB
0 %, 0 %, 16160 MiB, 16160 MiB, 0 MiB
0 %, 0 %, 16160 MiB, 16160 MiB, 0 MiB
0 %, 0 %, 16160 MiB, 16160 MiB, 0 MiB
0 %, 0 %, 16160 MiB, 16160 MiB, 0 MiB
0 %, 0 %, 16160 MiB, 16160 MiB, 0 MiB
0 %, 0 %, 16160 MiB, 16160 MiB, 0 MiB
0 %, 0 %, 16160 MiB, 16160 MiB, 0 MiB
0 %, 0 %, 16160 MiB, 16160 MiB, 0 MiB
0 %, 0 %, 16160 MiB, 16160 MiB, 0 MiB
0 %, 0 %, 16160 MiB, 16160 MiB, 0 MiB
0 %, 0 %, 16160 MiB, 16160 MiB, 0 MiB
0 %, 0 %, 16160 MiB, 16160 MiB, 0 MiB
0 %, 0 %, 16160 MiB, 16160 MiB, 0 MiB
0 %, 0 %, 16160 MiB, 16160 MiB, 0 MiB
0 %, 0 %, 16160 MiB, 16160 MiB, 0 MiB
0 %, 0 %, 16160 MiB, 16160 MiB, 0 MiB
0 %, 0 %, 16160 MiB, 16160 MiB, 0 MiB
0 %, 0 %, 16160 MiB, 16160 MiB, 0 MiB
0 %, 0 %, 16160 MiB, 16160 MiB, 0 MiB
0 %, 0 %, 16160 MiB, 16160 MiB, 0 MiB
0 %, 0 %, 16160 MiB, 16160 MiB, 0 MiB
0 %, 0 %, 16160 MiB, 16160 MiB, 0 MiB
0 %, 0 %, 16160 MiB, 16160 MiB, 0 MiB
0 %, 0 %, 16160 MiB, 16160 MiB, 0 MiB
0 %, 0 %, 16160 MiB, 16160 MiB, 0 MiB
0 %, 0 %, 16160 MiB, 16160 MiB, 0 MiB
0 %, 0 %, 16160 MiB, 16160 MiB, 0 MiB
0 %, 0 %, 16160 MiB, 16160 MiB, 0 MiB
0 %, 0 %, 16160 MiB, 16160 MiB, 0 MiB
0 %, 0 %, 16160 MiB, 16160 MiB, 0 MiB
0 %, 0 %, 16160 MiB, 16160 MiB, 0 MiB
0 %, 0 %, 16160 MiB, 16160 MiB, 0 MiB
0 %, 0 %, 16160 MiB, 16160 MiB, 0 MiB
0 %, 0 %, 16160 MiB, 16160 MiB, 0 MiB
0 %, 0 %, 16160 MiB, 16160 MiB, 0 MiB
0 %, 0 %, 16160 MiB, 16160 MiB, 0 MiB
0 %, 0 %, 16160 MiB,